case_id,event_start_utc,valid_time_utc,offset_min,phase,classification,verification,source,site
SQCL-2002-03-23-KBTV,2002-03-23T22:11:00.000Z,2002-03-23T21:11:00.000Z,-60,pre_event,positive,research_confirmed,Banacos_2014,KBTV
SQCL-2002-03-23-KBTV,2002-03-23T22:11:00.000Z,2002-03-23T21:16:00.000Z,-55,pre_event,positive,research_confirmed,Banacos_2014,KBTV
SQCL-2002-03-23-KBTV,2002-03-23T22:11:00.000Z,2002-03-23T21:21:00.000Z,-50,pre_event,positive,research_confirmed,Banacos_2014,KBTV
SQCL-2002-03-23-KBTV,2002-03-23T22:11:00.000Z,2002-03-23T21:26:00.000Z,-45,pre_event,positive,research_confirmed,Banacos_2014,KBTV
SQCL-2002-03-23-KBTV,2002-03-23T22:11:00.000Z,2002-03-23T21:31:00.000Z,-40,pre_event,positive,research_confirmed,Banacos_2014,KBTV
SQCL-2002-03-23-KBTV,2002-03-23T22:11:00.000Z,2002-03-23T21:36:00.000Z,-35,pre_event,positive,research_confirmed,Banacos_2014,KBTV
SQCL-2002-03-23-KBTV,2002-03-23T22:11:00.000Z,2002-03-23T21:41:00.000Z,-30,pre_event,positive,research_confirmed,Banacos_2014,KBTV
SQCL-2002-03-23-KBTV,2002-03-23T22:11:00.000Z,2002-03-23T21:46:00.000Z,-25,pre_event,positive,research_confirmed,Banacos_2014,KBTV
SQCL-2002-03-23-KBTV,2002-03-23T22:11:00.000Z,2002-03-23T21:51:00.000Z,-20,pre_event,positive,research_confirmed,Banacos_2014,KBTV
SQCL-2002-03-23-KBTV,2002-03-23T22:11:00.000Z,2002-03-23T21:56:00.000Z,-15,pre_event,positive,research_confirmed,Banacos_2014,KBTV
SQCL-2002-03-23-KBTV,2002-03-23T22:11:00.000Z,2002-03-23T22:01:00.000Z,-10,pre_event,positive,research_confirmed,Banacos_2014,KBTV
SQCL-2002-03-23-KBTV,2002-03-23T22:11:00.000Z,2002-03-23T22:06:00.000Z,-5,pre_event,positive,research_confirmed,Banacos_2014,KBTV
SQCL-2002-03-23-KBTV,2002-03-23T22:11:00.000Z,2002-03-23T22:11:00.000Z,0,onset,positive,research_confirmed,Banacos_2014,KBTV
SQCL-2002-03-23-KBTV,2002-03-23T22:11:00.000Z,2002-03-23T22:16:00.000Z,5,post_event,positive,research_confirmed,Banacos_2014,KBTV
SQCL-2002-03-23-KBTV,2002-03-23T22:11:00.000Z,2002-03-23T22:21:00.000Z,10,post_event,positive,research_confirmed,Banacos_2014,KBTV
SQCL-2002-03-23-KBTV,2002-03-23T22:11:00.000Z,2002-03-23T22:26:00.000Z,15,post_event,positive,research_confirmed,Banacos_2014,KBTV
SQCL-2002-03-23-KBTV,2002-03-23T22:11:00.000Z,2002-03-23T22:31:00.000Z,20,post_event,positive,research_confirmed,Banacos_2014,KBTV
SQCL-2002-03-23-KBTV,2002-03-23T22:11:00.000Z,2002-03-23T22:36:00.000Z,25,post_event,positive,research_confirmed,Banacos_2014,KBTV
SQCL-2002-03-23-KBTV,2002-03-23T22:11:00.000Z,2002-03-23T22:41:00.000Z,30,post_event,positive,research_confirmed,Banacos_2014,KBTV
SQCL-2002-03-23-KBTV,2002-03-23T22:11:00.000Z,2002-03-23T22:46:00.000Z,35,post_event,positive,research_confirmed,Banacos_2014,KBTV
SQCL-2002-03-23-KBTV,2002-03-23T22:11:00.000Z,2002-03-23T22:51:00.000Z,40,post_event,positive,research_confirmed,Banacos_2014,KBTV
SQCL-2002-03-23-KBTV,2002-03-23T22:11:00.000Z,2002-03-23T22:56:00.000Z,45,post_event,positive,research_confirmed,Banacos_2014,KBTV
SQCL-2002-03-23-KBTV,2002-03-23T22:11:00.000Z,2002-03-23T23:01:00.000Z,50,post_event,positive,research_confirmed,Banacos_2014,KBTV
SQCL-2002-03-23-KBTV,2002-03-23T22:11:00.000Z,2002-03-23T23:06:00.000Z,55,post_event,positive,research_confirmed,Banacos_2014,KBTV
SQCL-2002-03-23-KBTV,2002-03-23T22:11:00.000Z,2002-03-23T23:11:00.000Z,60,post_event,positive,research_confirmed,Banacos_2014,KBTV
SQCL-2002-03-23-KBTV,2002-03-23T22:11:00.000Z,2002-03-23T23:16:00.000Z,65,post_event,positive,research_confirmed,Banacos_2014,KBTV
SQCL-2002-03-23-KBTV,2002-03-23T22:11:00.000Z,2002-03-23T23:21:00.000Z,70,post_event,positive,research_confirmed,Banacos_2014,KBTV
SQCL-2002-03-23-KBTV,2002-03-23T22:11:00.000Z,2002-03-23T23:26:00.000Z,75,post_event,positive,research_confirmed,Banacos_2014,KBTV
SQCL-2002-03-23-KBTV,2002-03-23T22:11:00.000Z,2002-03-23T23:31:00.000Z,80,post_event,positive,research_confirmed,Banacos_2014,KBTV
SQCL-2002-03-23-KBTV,2002-03-23T22:11:00.000Z,2002-03-23T23:36:00.000Z,85,post_event,positive,research_confirmed,Banacos_2014,KBTV
SQCL-2002-03-23-KBTV,2002-03-23T22:11:00.000Z,2002-03-23T23:41:00.000Z,90,post_event,positive,research_confirmed,Banacos_2014,KBTV
SQCL-2003-01-13-KMSS,2003-01-13T16:53:00.000Z,2003-01-13T15:53:00.000Z,-60,pre_event,positive,research_confirmed,Banacos_2014,KMSS
SQCL-2003-01-13-KMSS,2003-01-13T16:53:00.000Z,2003-01-13T15:58:00.000Z,-55,pre_event,positive,research_confirmed,Banacos_2014,KMSS
SQCL-2003-01-13-KMSS,2003-01-13T16:53:00.000Z,2003-01-13T16:03:00.000Z,-50,pre_event,positive,research_confirmed,Banacos_2014,KMSS
SQCL-2003-01-13-KMSS,2003-01-13T16:53:00.000Z,2003-01-13T16:08:00.000Z,-45,pre_event,positive,research_confirmed,Banacos_2014,KMSS
SQCL-2003-01-13-KMSS,2003-01-13T16:53:00.000Z,2003-01-13T16:13:00.000Z,-40,pre_event,positive,research_confirmed,Banacos_2014,KMSS
SQCL-2003-01-13-KMSS,2003-01-13T16:53:00.000Z,2003-01-13T16:18:00.000Z,-35,pre_event,positive,research_confirmed,Banacos_2014,KMSS
SQCL-2003-01-13-KMSS,2003-01-13T16:53:00.000Z,2003-01-13T16:23:00.000Z,-30,pre_event,positive,research_confirmed,Banacos_2014,KMSS
SQCL-2003-01-13-KMSS,2003-01-13T16:53:00.000Z,2003-01-13T16:28:00.000Z,-25,pre_event,positive,research_confirmed,Banacos_2014,KMSS
SQCL-2003-01-13-KMSS,2003-01-13T16:53:00.000Z,2003-01-13T16:33:00.000Z,-20,pre_event,positive,research_confirmed,Banacos_2014,KMSS
SQCL-2003-01-13-KMSS,2003-01-13T16:53:00.000Z,2003-01-13T16:38:00.000Z,-15,pre_event,positive,research_confirmed,Banacos_2014,KMSS
SQCL-2003-01-13-KMSS,2003-01-13T16:53:00.000Z,2003-01-13T16:43:00.000Z,-10,pre_event,positive,research_confirmed,Banacos_2014,KMSS
SQCL-2003-01-13-KMSS,2003-01-13T16:53:00.000Z,2003-01-13T16:48:00.000Z,-5,pre_event,positive,research_confirmed,Banacos_2014,KMSS
SQCL-2003-01-13-KMSS,2003-01-13T16:53:00.000Z,2003-01-13T16:53:00.000Z,0,onset,positive,research_confirmed,Banacos_2014,KMSS
SQCL-2003-01-13-KMSS,2003-01-13T16:53:00.000Z,2003-01-13T16:58:00.000Z,5,post_event,positive,research_confirmed,Banacos_2014,KMSS
SQCL-2003-01-13-KMSS,2003-01-13T16:53:00.000Z,2003-01-13T17:03:00.000Z,10,post_event,positive,research_confirmed,Banacos_2014,KMSS
SQCL-2003-01-13-KMSS,2003-01-13T16:53:00.000Z,2003-01-13T17:08:00.000Z,15,post_event,positive,research_confirmed,Banacos_2014,KMSS
SQCL-2003-01-13-KMSS,2003-01-13T16:53:00.000Z,2003-01-13T17:13:00.000Z,20,post_event,positive,research_confirmed,Banacos_2014,KMSS
SQCL-2003-01-13-KMSS,2003-01-13T16:53:00.000Z,2003-01-13T17:18:00.000Z,25,post_event,positive,research_confirmed,Banacos_2014,KMSS
SQCL-2003-01-13-KMSS,2003-01-13T16:53:00.000Z,2003-01-13T17:23:00.000Z,30,post_event,positive,research_confirmed,Banacos_2014,KMSS
SQCL-2003-01-13-KMSS,2003-01-13T16:53:00.000Z,2003-01-13T17:28:00.000Z,35,post_event,positive,research_confirmed,Banacos_2014,KMSS
SQCL-2003-01-13-KMSS,2003-01-13T16:53:00.000Z,2003-01-13T17:33:00.000Z,40,post_event,positive,research_confirmed,Banacos_2014,KMSS
SQCL-2003-01-13-KMSS,2003-01-13T16:53:00.000Z,2003-01-13T17:38:00.000Z,45,post_event,positive,research_confirmed,Banacos_2014,KMSS
SQCL-2003-01-13-KMSS,2003-01-13T16:53:00.000Z,2003-01-13T17:43:00.000Z,50,post_event,positive,research_confirmed,Banacos_2014,KMSS
SQCL-2003-01-13-KMSS,2003-01-13T16:53:00.000Z,2003-01-13T17:48:00.000Z,55,post_event,positive,research_confirmed,Banacos_2014,KMSS
SQCL-2003-01-13-KMSS,2003-01-13T16:53:00.000Z,2003-01-13T17:53:00.000Z,60,post_event,positive,research_confirmed,Banacos_2014,KMSS
SQCL-2003-01-13-KMSS,2003-01-13T16:53:00.000Z,2003-01-13T17:58:00.000Z,65,post_event,positive,research_confirmed,Banacos_2014,KMSS
SQCL-2003-01-13-KMSS,2003-01-13T16:53:00.000Z,2003-01-13T18:03:00.000Z,70,post_event,positive,research_confirmed,Banacos_2014,KMSS
SQCL-2003-01-13-KMSS,2003-01-13T16:53:00.000Z,2003-01-13T18:08:00.000Z,75,post_event,positive,research_confirmed,Banacos_2014,KMSS
SQCL-2003-01-13-KMSS,2003-01-13T16:53:00.000Z,2003-01-13T18:13:00.000Z,80,post_event,positive,research_confirmed,Banacos_2014,KMSS
SQCL-2003-01-13-KMSS,2003-01-13T16:53:00.000Z,2003-01-13T18:18:00.000Z,85,post_event,positive,research_confirmed,Banacos_2014,KMSS
SQCL-2003-01-13-KMSS,2003-01-13T16:53:00.000Z,2003-01-13T18:23:00.000Z,90,post_event,positive,research_confirmed,Banacos_2014,KMSS
SQCL-2003-02-09-KMPV,2003-02-09T21:00:00.000Z,2003-02-09T20:00:00.000Z,-60,pre_event,positive,research_confirmed,Banacos_2014,KMPV
SQCL-2003-02-09-KMPV,2003-02-09T21:00:00.000Z,2003-02-09T20:05:00.000Z,-55,pre_event,positive,research_confirmed,Banacos_2014,KMPV
SQCL-2003-02-09-KMPV,2003-02-09T21:00:00.000Z,2003-02-09T20:10:00.000Z,-50,pre_event,positive,research_confirmed,Banacos_2014,KMPV
SQCL-2003-02-09-KMPV,2003-02-09T21:00:00.000Z,2003-02-09T20:15:00.000Z,-45,pre_event,positive,research_confirmed,Banacos_2014,KMPV
SQCL-2003-02-09-KMPV,2003-02-09T21:00:00.000Z,2003-02-09T20:20:00.000Z,-40,pre_event,positive,research_confirmed,Banacos_2014,KMPV
SQCL-2003-02-09-KMPV,2003-02-09T21:00:00.000Z,2003-02-09T20:25:00.000Z,-35,pre_event,positive,research_confirmed,Banacos_2014,KMPV
SQCL-2003-02-09-KMPV,2003-02-09T21:00:00.000Z,2003-02-09T20:30:00.000Z,-30,pre_event,positive,research_confirmed,Banacos_2014,KMPV
SQCL-2003-02-09-KMPV,2003-02-09T21:00:00.000Z,2003-02-09T20:35:00.000Z,-25,pre_event,positive,research_confirmed,Banacos_2014,KMPV
SQCL-2003-02-09-KMPV,2003-02-09T21:00:00.000Z,2003-02-09T20:40:00.000Z,-20,pre_event,positive,research_confirmed,Banacos_2014,KMPV
SQCL-2003-02-09-KMPV,2003-02-09T21:00:00.000Z,2003-02-09T20:45:00.000Z,-15,pre_event,positive,research_confirmed,Banacos_2014,KMPV
SQCL-2003-02-09-KMPV,2003-02-09T21:00:00.000Z,2003-02-09T20:50:00.000Z,-10,pre_event,positive,research_confirmed,Banacos_2014,KMPV
SQCL-2003-02-09-KMPV,2003-02-09T21:00:00.000Z,2003-02-09T20:55:00.000Z,-5,pre_event,positive,research_confirmed,Banacos_2014,KMPV
SQCL-2003-02-09-KMPV,2003-02-09T21:00:00.000Z,2003-02-09T21:00:00.000Z,0,onset,positive,research_confirmed,Banacos_2014,KMPV
SQCL-2003-02-09-KMPV,2003-02-09T21:00:00.000Z,2003-02-09T21:05:00.000Z,5,post_event,positive,research_confirmed,Banacos_2014,KMPV
SQCL-2003-02-09-KMPV,2003-02-09T21:00:00.000Z,2003-02-09T21:10:00.000Z,10,post_event,positive,research_confirmed,Banacos_2014,KMPV
SQCL-2003-02-09-KMPV,2003-02-09T21:00:00.000Z,2003-02-09T21:15:00.000Z,15,post_event,positive,research_confirmed,Banacos_2014,KMPV
SQCL-2003-02-09-KMPV,2003-02-09T21:00:00.000Z,2003-02-09T21:20:00.000Z,20,post_event,positive,research_confirmed,Banacos_2014,KMPV
SQCL-2003-02-09-KMPV,2003-02-09T21:00:00.000Z,2003-02-09T21:25:00.000Z,25,post_event,positive,research_confirmed,Banacos_2014,KMPV
SQCL-2003-02-09-KMPV,2003-02-09T21:00:00.000Z,2003-02-09T21:30:00.000Z,30,post_event,positive,research_confirmed,Banacos_2014,KMPV
SQCL-2003-02-09-KMPV,2003-02-09T21:00:00.000Z,2003-02-09T21:35:00.000Z,35,post_event,positive,research_confirmed,Banacos_2014,KMPV
SQCL-2003-02-09-KMPV,2003-02-09T21:00:00.000Z,2003-02-09T21:40:00.000Z,40,post_event,positive,research_confirmed,Banacos_2014,KMPV
SQCL-2003-02-09-KMPV,2003-02-09T21:00:00.000Z,2003-02-09T21:45:00.000Z,45,post_event,positive,research_confirmed,Banacos_2014,KMPV
SQCL-2003-02-09-KMPV,2003-02-09T21:00:00.000Z,2003-02-09T21:50:00.000Z,50,post_event,positive,research_confirmed,Banacos_2014,KMPV
SQCL-2003-02-09-KMPV,2003-02-09T21:00:00.000Z,2003-02-09T21:55:00.000Z,55,post_event,positive,research_confirmed,Banacos_2014,KMPV
SQCL-2003-02-09-KMPV,2003-02-09T21:00:00.000Z,2003-02-09T22:00:00.000Z,60,post_event,positive,research_confirmed,Banacos_2014,KMPV
SQCL-2003-02-09-KMPV,2003-02-09T21:00:00.000Z,2003-02-09T22:05:00.000Z,65,post_event,positive,research_confirmed,Banacos_2014,KMPV
SQCL-2003-02-09-KMPV,2003-02-09T21:00:00.000Z,2003-02-09T22:10:00.000Z,70,post_event,positive,research_confirmed,Banacos_2014,KMPV
SQCL-2003-02-09-KMPV,2003-02-09T21:00:00.000Z,2003-02-09T22:15:00.000Z,75,post_event,positive,research_confirmed,Banacos_2014,KMPV
SQCL-2003-02-09-KMPV,2003-02-09T21:00:00.000Z,2003-02-09T22:20:00.000Z,80,post_event,positive,research_confirmed,Banacos_2014,KMPV
SQCL-2003-02-09-KMPV,2003-02-09T21:00:00.000Z,2003-02-09T22:25:00.000Z,85,post_event,positive,research_confirmed,Banacos_2014,KMPV
SQCL-2003-02-09-KMPV,2003-02-09T21:00:00.000Z,2003-02-09T22:30:00.000Z,90,post_event,positive,research_confirmed,Banacos_2014,KMPV
SQCL-2003-12-02-KMPV,2003-12-02T15:51:00.000Z,2003-12-02T14:51:00.000Z,-60,pre_event,positive,research_confirmed,Banacos_2014,KMPV
SQCL-2003-12-02-KMPV,2003-12-02T15:51:00.000Z,2003-12-02T14:56:00.000Z,-55,pre_event,positive,research_confirmed,Banacos_2014,KMPV
SQCL-2003-12-02-KMPV,2003-12-02T15:51:00.000Z,2003-12-02T15:01:00.000Z,-50,pre_event,positive,research_confirmed,Banacos_2014,KMPV
SQCL-2003-12-02-KMPV,2003-12-02T15:51:00.000Z,2003-12-02T15:06:00.000Z,-45,pre_event,positive,research_confirmed,Banacos_2014,KMPV
SQCL-2003-12-02-KMPV,2003-12-02T15:51:00.000Z,2003-12-02T15:11:00.000Z,-40,pre_event,positive,research_confirmed,Banacos_2014,KMPV
SQCL-2003-12-02-KMPV,2003-12-02T15:51:00.000Z,2003-12-02T15:16:00.000Z,-35,pre_event,positive,research_confirmed,Banacos_2014,KMPV
SQCL-2003-12-02-KMPV,2003-12-02T15:51:00.000Z,2003-12-02T15:21:00.000Z,-30,pre_event,positive,research_confirmed,Banacos_2014,KMPV
SQCL-2003-12-02-KMPV,2003-12-02T15:51:00.000Z,2003-12-02T15:26:00.000Z,-25,pre_event,positive,research_confirmed,Banacos_2014,KMPV
SQCL-2003-12-02-KMPV,2003-12-02T15:51:00.000Z,2003-12-02T15:31:00.000Z,-20,pre_event,positive,research_confirmed,Banacos_2014,KMPV
SQCL-2003-12-02-KMPV,2003-12-02T15:51:00.000Z,2003-12-02T15:36:00.000Z,-15,pre_event,positive,research_confirmed,Banacos_2014,KMPV
SQCL-2003-12-02-KMPV,2003-12-02T15:51:00.000Z,2003-12-02T15:41:00.000Z,-10,pre_event,positive,research_confirmed,Banacos_2014,KMPV
SQCL-2003-12-02-KMPV,2003-12-02T15:51:00.000Z,2003-12-02T15:46:00.000Z,-5,pre_event,positive,research_confirmed,Banacos_2014,KMPV
SQCL-2003-12-02-KMPV,2003-12-02T15:51:00.000Z,2003-12-02T15:51:00.000Z,0,onset,positive,research_confirmed,Banacos_2014,KMPV
SQCL-2003-12-02-KMPV,2003-12-02T15:51:00.000Z,2003-12-02T15:56:00.000Z,5,post_event,positive,research_confirmed,Banacos_2014,KMPV
SQCL-2003-12-02-KMPV,2003-12-02T15:51:00.000Z,2003-12-02T16:01:00.000Z,10,post_event,positive,research_confirmed,Banacos_2014,KMPV
SQCL-2003-12-02-KMPV,2003-12-02T15:51:00.000Z,2003-12-02T16:06:00.000Z,15,post_event,positive,research_confirmed,Banacos_2014,KMPV
SQCL-2003-12-02-KMPV,2003-12-02T15:51:00.000Z,2003-12-02T16:11:00.000Z,20,post_event,positive,research_confirmed,Banacos_2014,KMPV
SQCL-2003-12-02-KMPV,2003-12-02T15:51:00.000Z,2003-12-02T16:16:00.000Z,25,post_event,positive,research_confirmed,Banacos_2014,KMPV
SQCL-2003-12-02-KMPV,2003-12-02T15:51:00.000Z,2003-12-02T16:21:00.000Z,30,post_event,positive,research_confirmed,Banacos_2014,KMPV
SQCL-2003-12-02-KMPV,2003-12-02T15:51:00.000Z,2003-12-02T16:26:00.000Z,35,post_event,positive,research_confirmed,Banacos_2014,KMPV
SQCL-2003-12-02-KMPV,2003-12-02T15:51:00.000Z,2003-12-02T16:31:00.000Z,40,post_event,positive,research_confirmed,Banacos_2014,KMPV
SQCL-2003-12-02-KMPV,2003-12-02T15:51:00.000Z,2003-12-02T16:36:00.000Z,45,post_event,positive,research_confirmed,Banacos_2014,KMPV
SQCL-2003-12-02-KMPV,2003-12-02T15:51:00.000Z,2003-12-02T16:41:00.000Z,50,post_event,positive,research_confirmed,Banacos_2014,KMPV
SQCL-2003-12-02-KMPV,2003-12-02T15:51:00.000Z,2003-12-02T16:46:00.000Z,55,post_event,positive,research_confirmed,Banacos_2014,KMPV
SQCL-2003-12-02-KMPV,2003-12-02T15:51:00.000Z,2003-12-02T16:51:00.000Z,60,post_event,positive,research_confirmed,Banacos_2014,KMPV
SQCL-2003-12-02-KMPV,2003-12-02T15:51:00.000Z,2003-12-02T16:56:00.000Z,65,post_event,positive,research_confirmed,Banacos_2014,KMPV
SQCL-2003-12-02-KMPV,2003-12-02T15:51:00.000Z,2003-12-02T17:01:00.000Z,70,post_event,positive,research_confirmed,Banacos_2014,KMPV
SQCL-2003-12-02-KMPV,2003-12-02T15:51:00.000Z,2003-12-02T17:06:00.000Z,75,post_event,positive,research_confirmed,Banacos_2014,KMPV
SQCL-2003-12-02-KMPV,2003-12-02T15:51:00.000Z,2003-12-02T17:11:00.000Z,80,post_event,positive,research_confirmed,Banacos_2014,KMPV
SQCL-2003-12-02-KMPV,2003-12-02T15:51:00.000Z,2003-12-02T17:16:00.000Z,85,post_event,positive,research_confirmed,Banacos_2014,KMPV
SQCL-2003-12-02-KMPV,2003-12-02T15:51:00.000Z,2003-12-02T17:21:00.000Z,90,post_event,positive,research_confirmed,Banacos_2014,KMPV
SQCL-2004-03-15-KMSS,2004-03-15T07:44:00.000Z,2004-03-15T06:44:00.000Z,-60,pre_event,positive,research_confirmed,Banacos_2014,KMSS
SQCL-2004-03-15-KMSS,2004-03-15T07:44:00.000Z,2004-03-15T06:49:00.000Z,-55,pre_event,positive,research_confirmed,Banacos_2014,KMSS
SQCL-2004-03-15-KMSS,2004-03-15T07:44:00.000Z,2004-03-15T06:54:00.000Z,-50,pre_event,positive,research_confirmed,Banacos_2014,KMSS
SQCL-2004-03-15-KMSS,2004-03-15T07:44:00.000Z,2004-03-15T06:59:00.000Z,-45,pre_event,positive,research_confirmed,Banacos_2014,KMSS
SQCL-2004-03-15-KMSS,2004-03-15T07:44:00.000Z,2004-03-15T07:04:00.000Z,-40,pre_event,positive,research_confirmed,Banacos_2014,KMSS
SQCL-2004-03-15-KMSS,2004-03-15T07:44:00.000Z,2004-03-15T07:09:00.000Z,-35,pre_event,positive,research_confirmed,Banacos_2014,KMSS
SQCL-2004-03-15-KMSS,2004-03-15T07:44:00.000Z,2004-03-15T07:14:00.000Z,-30,pre_event,positive,research_confirmed,Banacos_2014,KMSS
SQCL-2004-03-15-KMSS,2004-03-15T07:44:00.000Z,2004-03-15T07:19:00.000Z,-25,pre_event,positive,research_confirmed,Banacos_2014,KMSS
SQCL-2004-03-15-KMSS,2004-03-15T07:44:00.000Z,2004-03-15T07:24:00.000Z,-20,pre_event,positive,research_confirmed,Banacos_2014,KMSS
SQCL-2004-03-15-KMSS,2004-03-15T07:44:00.000Z,2004-03-15T07:29:00.000Z,-15,pre_event,positive,research_confirmed,Banacos_2014,KMSS
SQCL-2004-03-15-KMSS,2004-03-15T07:44:00.000Z,2004-03-15T07:34:00.000Z,-10,pre_event,positive,research_confirmed,Banacos_2014,KMSS
SQCL-2004-03-15-KMSS,2004-03-15T07:44:00.000Z,2004-03-15T07:39:00.000Z,-5,pre_event,positive,research_confirmed,Banacos_2014,KMSS
SQCL-2004-03-15-KMSS,2004-03-15T07:44:00.000Z,2004-03-15T07:44:00.000Z,0,onset,positive,research_confirmed,Banacos_2014,KMSS
SQCL-2004-03-15-KMSS,2004-03-15T07:44:00.000Z,2004-03-15T07:49:00.000Z,5,post_event,positive,research_confirmed,Banacos_2014,KMSS
SQCL-2004-03-15-KMSS,2004-03-15T07:44:00.000Z,2004-03-15T07:54:00.000Z,10,post_event,positive,research_confirmed,Banacos_2014,KMSS
SQCL-2004-03-15-KMSS,2004-03-15T07:44:00.000Z,2004-03-15T07:59:00.000Z,15,post_event,positive,research_confirmed,Banacos_2014,KMSS
SQCL-2004-03-15-KMSS,2004-03-15T07:44:00.000Z,2004-03-15T08:04:00.000Z,20,post_event,positive,research_confirmed,Banacos_2014,KMSS
SQCL-2004-03-15-KMSS,2004-03-15T07:44:00.000Z,2004-03-15T08:09:00.000Z,25,post_event,positive,research_confirmed,Banacos_2014,KMSS
SQCL-2004-03-15-KMSS,2004-03-15T07:44:00.000Z,2004-03-15T08:14:00.000Z,30,post_event,positive,research_confirmed,Banacos_2014,KMSS
SQCL-2004-03-15-KMSS,2004-03-15T07:44:00.000Z,2004-03-15T08:19:00.000Z,35,post_event,positive,research_confirmed,Banacos_2014,KMSS
SQCL-2004-03-15-KMSS,2004-03-15T07:44:00.000Z,2004-03-15T08:24:00.000Z,40,post_event,positive,research_confirmed,Banacos_2014,KMSS
SQCL-2004-03-15-KMSS,2004-03-15T07:44:00.000Z,2004-03-15T08:29:00.000Z,45,post_event,positive,research_confirmed,Banacos_2014,KMSS
SQCL-2004-03-15-KMSS,2004-03-15T07:44:00.000Z,2004-03-15T08:34:00.000Z,50,post_event,positive,research_confirmed,Banacos_2014,KMSS
SQCL-2004-03-15-KMSS,2004-03-15T07:44:00.000Z,2004-03-15T08:39:00.000Z,55,post_event,positive,research_confirmed,Banacos_2014,KMSS
SQCL-2004-03-15-KMSS,2004-03-15T07:44:00.000Z,2004-03-15T08:44:00.000Z,60,post_event,positive,research_confirmed,Banacos_2014,KMSS
SQCL-2004-03-15-KMSS,2004-03-15T07:44:00.000Z,2004-03-15T08:49:00.000Z,65,post_event,positive,research_confirmed,Banacos_2014,KMSS
SQCL-2004-03-15-KMSS,2004-03-15T07:44:00.000Z,2004-03-15T08:54:00.000Z,70,post_event,positive,research_confirmed,Banacos_2014,KMSS
SQCL-2004-03-15-KMSS,2004-03-15T07:44:00.000Z,2004-03-15T08:59:00.000Z,75,post_event,positive,research_confirmed,Banacos_2014,KMSS
SQCL-2004-03-15-KMSS,2004-03-15T07:44:00.000Z,2004-03-15T09:04:00.000Z,80,post_event,positive,research_confirmed,Banacos_2014,KMSS
SQCL-2004-03-15-KMSS,2004-03-15T07:44:00.000Z,2004-03-15T09:09:00.000Z,85,post_event,positive,research_confirmed,Banacos_2014,KMSS
SQCL-2004-03-15-KMSS,2004-03-15T07:44:00.000Z,2004-03-15T09:14:00.000Z,90,post_event,positive,research_confirmed,Banacos_2014,KMSS
SQCL-2004-03-23-KBTV,2004-03-23T23:40:00.000Z,2004-03-23T22:40:00.000Z,-60,pre_event,positive,research_confirmed,Banacos_2014,KBTV
SQCL-2004-03-23-KBTV,2004-03-23T23:40:00.000Z,2004-03-23T22:45:00.000Z,-55,pre_event,positive,research_confirmed,Banacos_2014,KBTV
SQCL-2004-03-23-KBTV,2004-03-23T23:40:00.000Z,2004-03-23T22:50:00.000Z,-50,pre_event,positive,research_confirmed,Banacos_2014,KBTV
SQCL-2004-03-23-KBTV,2004-03-23T23:40:00.000Z,2004-03-23T22:55:00.000Z,-45,pre_event,positive,research_confirmed,Banacos_2014,KBTV
SQCL-2004-03-23-KBTV,2004-03-23T23:40:00.000Z,2004-03-23T23:00:00.000Z,-40,pre_event,positive,research_confirmed,Banacos_2014,KBTV
SQCL-2004-03-23-KBTV,2004-03-23T23:40:00.000Z,2004-03-23T23:05:00.000Z,-35,pre_event,positive,research_confirmed,Banacos_2014,KBTV
SQCL-2004-03-23-KBTV,2004-03-23T23:40:00.000Z,2004-03-23T23:10:00.000Z,-30,pre_event,positive,research_confirmed,Banacos_2014,KBTV
SQCL-2004-03-23-KBTV,2004-03-23T23:40:00.000Z,2004-03-23T23:15:00.000Z,-25,pre_event,positive,research_confirmed,Banacos_2014,KBTV
SQCL-2004-03-23-KBTV,2004-03-23T23:40:00.000Z,2004-03-23T23:20:00.000Z,-20,pre_event,positive,research_confirmed,Banacos_2014,KBTV
SQCL-2004-03-23-KBTV,2004-03-23T23:40:00.000Z,2004-03-23T23:25:00.000Z,-15,pre_event,positive,research_confirmed,Banacos_2014,KBTV
SQCL-2004-03-23-KBTV,2004-03-23T23:40:00.000Z,2004-03-23T23:30:00.000Z,-10,pre_event,positive,research_confirmed,Banacos_2014,KBTV
SQCL-2004-03-23-KBTV,2004-03-23T23:40:00.000Z,2004-03-23T23:35:00.000Z,-5,pre_event,positive,research_confirmed,Banacos_2014,KBTV
SQCL-2004-03-23-KBTV,2004-03-23T23:40:00.000Z,2004-03-23T23:40:00.000Z,0,onset,positive,research_confirmed,Banacos_2014,KBTV
SQCL-2004-03-23-KBTV,2004-03-23T23:40:00.000Z,2004-03-23T23:45:00.000Z,5,post_event,positive,research_confirmed,Banacos_2014,KBTV
SQCL-2004-03-23-KBTV,2004-03-23T23:40:00.000Z,2004-03-23T23:50:00.000Z,10,post_event,positive,research_confirmed,Banacos_2014,KBTV
SQCL-2004-03-23-KBTV,2004-03-23T23:40:00.000Z,2004-03-23T23:55:00.000Z,15,post_event,positive,research_confirmed,Banacos_2014,KBTV
SQCL-2004-03-23-KBTV,2004-03-23T23:40:00.000Z,2004-03-24T00:00:00.000Z,20,post_event,positive,research_confirmed,Banacos_2014,KBTV
SQCL-2004-03-23-KBTV,2004-03-23T23:40:00.000Z,2004-03-24T00:05:00.000Z,25,post_event,positive,research_confirmed,Banacos_2014,KBTV
SQCL-2004-03-23-KBTV,2004-03-23T23:40:00.000Z,2004-03-24T00:10:00.000Z,30,post_event,positive,research_confirmed,Banacos_2014,KBTV
SQCL-2004-03-23-KBTV,2004-03-23T23:40:00.000Z,2004-03-24T00:15:00.000Z,35,post_event,positive,research_confirmed,Banacos_2014,KBTV
SQCL-2004-03-23-KBTV,2004-03-23T23:40:00.000Z,2004-03-24T00:20:00.000Z,40,post_event,positive,research_confirmed,Banacos_2014,KBTV
SQCL-2004-03-23-KBTV,2004-03-23T23:40:00.000Z,2004-03-24T00:25:00.000Z,45,post_event,positive,research_confirmed,Banacos_2014,KBTV
SQCL-2004-03-23-KBTV,2004-03-23T23:40:00.000Z,2004-03-24T00:30:00.000Z,50,post_event,positive,research_confirmed,Banacos_2014,KBTV
SQCL-2004-03-23-KBTV,2004-03-23T23:40:00.000Z,2004-03-24T00:35:00.000Z,55,post_event,positive,research_confirmed,Banacos_2014,KBTV
SQCL-2004-03-23-KBTV,2004-03-23T23:40:00.000Z,2004-03-24T00:40:00.000Z,60,post_event,positive,research_confirmed,Banacos_2014,KBTV
SQCL-2004-03-23-KBTV,2004-03-23T23:40:00.000Z,2004-03-24T00:45:00.000Z,65,post_event,positive,research_confirmed,Banacos_2014,KBTV
SQCL-2004-03-23-KBTV,2004-03-23T23:40:00.000Z,2004-03-24T00:50:00.000Z,70,post_event,positive,research_confirmed,Banacos_2014,KBTV
SQCL-2004-03-23-KBTV,2004-03-23T23:40:00.000Z,2004-03-24T00:55:00.000Z,75,post_event,positive,research_confirmed,Banacos_2014,KBTV
SQCL-2004-03-23-KBTV,2004-03-23T23:40:00.000Z,2004-03-24T01:00:00.000Z,80,post_event,positive,research_confirmed,Banacos_2014,KBTV
SQCL-2004-03-23-KBTV,2004-03-23T23:40:00.000Z,2004-03-24T01:05:00.000Z,85,post_event,positive,research_confirmed,Banacos_2014,KBTV
SQCL-2004-03-23-KBTV,2004-03-23T23:40:00.000Z,2004-03-24T01:10:00.000Z,90,post_event,positive,research_confirmed,Banacos_2014,KBTV
SQCL-2004-12-03-KBTV,2004-12-03T22:00:00.000Z,2004-12-03T21:00:00.000Z,-60,pre_event,positive,research_confirmed,Banacos_2014,KBTV
SQCL-2004-12-03-KBTV,2004-12-03T22:00:00.000Z,2004-12-03T21:05:00.000Z,-55,pre_event,positive,research_confirmed,Banacos_2014,KBTV
SQCL-2004-12-03-KBTV,2004-12-03T22:00:00.000Z,2004-12-03T21:10:00.000Z,-50,pre_event,positive,research_confirmed,Banacos_2014,KBTV
SQCL-2004-12-03-KBTV,2004-12-03T22:00:00.000Z,2004-12-03T21:15:00.000Z,-45,pre_event,positive,research_confirmed,Banacos_2014,KBTV
SQCL-2004-12-03-KBTV,2004-12-03T22:00:00.000Z,2004-12-03T21:20:00.000Z,-40,pre_event,positive,research_confirmed,Banacos_2014,KBTV
SQCL-2004-12-03-KBTV,2004-12-03T22:00:00.000Z,2004-12-03T21:25:00.000Z,-35,pre_event,positive,research_confirmed,Banacos_2014,KBTV
SQCL-2004-12-03-KBTV,2004-12-03T22:00:00.000Z,2004-12-03T21:30:00.000Z,-30,pre_event,positive,research_confirmed,Banacos_2014,KBTV
SQCL-2004-12-03-KBTV,2004-12-03T22:00:00.000Z,2004-12-03T21:35:00.000Z,-25,pre_event,positive,research_confirmed,Banacos_2014,KBTV
SQCL-2004-12-03-KBTV,2004-12-03T22:00:00.000Z,2004-12-03T21:40:00.000Z,-20,pre_event,positive,research_confirmed,Banacos_2014,KBTV
SQCL-2004-12-03-KBTV,2004-12-03T22:00:00.000Z,2004-12-03T21:45:00.000Z,-15,pre_event,positive,research_confirmed,Banacos_2014,KBTV
SQCL-2004-12-03-KBTV,2004-12-03T22:00:00.000Z,2004-12-03T21:50:00.000Z,-10,pre_event,positive,research_confirmed,Banacos_2014,KBTV
SQCL-2004-12-03-KBTV,2004-12-03T22:00:00.000Z,2004-12-03T21:55:00.000Z,-5,pre_event,positive,research_confirmed,Banacos_2014,KBTV
SQCL-2004-12-03-KBTV,2004-12-03T22:00:00.000Z,2004-12-03T22:00:00.000Z,0,onset,positive,research_confirmed,Banacos_2014,KBTV
SQCL-2004-12-03-KBTV,2004-12-03T22:00:00.000Z,2004-12-03T22:05:00.000Z,5,post_event,positive,research_confirmed,Banacos_2014,KBTV
SQCL-2004-12-03-KBTV,2004-12-03T22:00:00.000Z,2004-12-03T22:10:00.000Z,10,post_event,positive,research_confirmed,Banacos_2014,KBTV
SQCL-2004-12-03-KBTV,2004-12-03T22:00:00.000Z,2004-12-03T22:15:00.000Z,15,post_event,positive,research_confirmed,Banacos_2014,KBTV
SQCL-2004-12-03-KBTV,2004-12-03T22:00:00.000Z,2004-12-03T22:20:00.000Z,20,post_event,positive,research_confirmed,Banacos_2014,KBTV
SQCL-2004-12-03-KBTV,2004-12-03T22:00:00.000Z,2004-12-03T22:25:00.000Z,25,post_event,positive,research_confirmed,Banacos_2014,KBTV
SQCL-2004-12-03-KBTV,2004-12-03T22:00:00.000Z,2004-12-03T22:30:00.000Z,30,post_event,positive,research_confirmed,Banacos_2014,KBTV
SQCL-2004-12-03-KBTV,2004-12-03T22:00:00.000Z,2004-12-03T22:35:00.000Z,35,post_event,positive,research_confirmed,Banacos_2014,KBTV
SQCL-2004-12-03-KBTV,2004-12-03T22:00:00.000Z,2004-12-03T22:40:00.000Z,40,post_event,positive,research_confirmed,Banacos_2014,KBTV
SQCL-2004-12-03-KBTV,2004-12-03T22:00:00.000Z,2004-12-03T22:45:00.000Z,45,post_event,positive,research_confirmed,Banacos_2014,KBTV
SQCL-2004-12-03-KBTV,2004-12-03T22:00:00.000Z,2004-12-03T22:50:00.000Z,50,post_event,positive,research_confirmed,Banacos_2014,KBTV
SQCL-2004-12-03-KBTV,2004-12-03T22:00:00.000Z,2004-12-03T22:55:00.000Z,55,post_event,positive,research_confirmed,Banacos_2014,KBTV
SQCL-2004-12-03-KBTV,2004-12-03T22:00:00.000Z,2004-12-03T23:00:00.000Z,60,post_event,positive,research_confirmed,Banacos_2014,KBTV
SQCL-2004-12-03-KBTV,2004-12-03T22:00:00.000Z,2004-12-03T23:05:00.000Z,65,post_event,positive,research_confirmed,Banacos_2014,KBTV
SQCL-2004-12-03-KBTV,2004-12-03T22:00:00.000Z,2004-12-03T23:10:00.000Z,70,post_event,positive,research_confirmed,Banacos_2014,KBTV
SQCL-2004-12-03-KBTV,2004-12-03T22:00:00.000Z,2004-12-03T23:15:00.000Z,75,post_event,positive,research_confirmed,Banacos_2014,KBTV
SQCL-2004-12-03-KBTV,2004-12-03T22:00:00.000Z,2004-12-03T23:20:00.000Z,80,post_event,positive,research_confirmed,Banacos_2014,KBTV
SQCL-2004-12-03-KBTV,2004-12-03T22:00:00.000Z,2004-12-03T23:25:00.000Z,85,post_event,positive,research_confirmed,Banacos_2014,KBTV
SQCL-2004-12-03-KBTV,2004-12-03T22:00:00.000Z,2004-12-03T23:30:00.000Z,90,post_event,positive,research_confirmed,Banacos_2014,KBTV
SQCL-2004-12-17-KMPV,2004-12-17T14:42:00.000Z,2004-12-17T13:42:00.000Z,-60,pre_event,positive,research_confirmed,Banacos_2014,KMPV
SQCL-2004-12-17-KMPV,2004-12-17T14:42:00.000Z,2004-12-17T13:47:00.000Z,-55,pre_event,positive,research_confirmed,Banacos_2014,KMPV
SQCL-2004-12-17-KMPV,2004-12-17T14:42:00.000Z,2004-12-17T13:52:00.000Z,-50,pre_event,positive,research_confirmed,Banacos_2014,KMPV
SQCL-2004-12-17-KMPV,2004-12-17T14:42:00.000Z,2004-12-17T13:57:00.000Z,-45,pre_event,positive,research_confirmed,Banacos_2014,KMPV
SQCL-2004-12-17-KMPV,2004-12-17T14:42:00.000Z,2004-12-17T14:02:00.000Z,-40,pre_event,positive,research_confirmed,Banacos_2014,KMPV
SQCL-2004-12-17-KMPV,2004-12-17T14:42:00.000Z,2004-12-17T14:07:00.000Z,-35,pre_event,positive,research_confirmed,Banacos_2014,KMPV
SQCL-2004-12-17-KMPV,2004-12-17T14:42:00.000Z,2004-12-17T14:12:00.000Z,-30,pre_event,positive,research_confirmed,Banacos_2014,KMPV
SQCL-2004-12-17-KMPV,2004-12-17T14:42:00.000Z,2004-12-17T14:17:00.000Z,-25,pre_event,positive,research_confirmed,Banacos_2014,KMPV
SQCL-2004-12-17-KMPV,2004-12-17T14:42:00.000Z,2004-12-17T14:22:00.000Z,-20,pre_event,positive,research_confirmed,Banacos_2014,KMPV
SQCL-2004-12-17-KMPV,2004-12-17T14:42:00.000Z,2004-12-17T14:27:00.000Z,-15,pre_event,positive,research_confirmed,Banacos_2014,KMPV
SQCL-2004-12-17-KMPV,2004-12-17T14:42:00.000Z,2004-12-17T14:32:00.000Z,-10,pre_event,positive,research_confirmed,Banacos_2014,KMPV
SQCL-2004-12-17-KMPV,2004-12-17T14:42:00.000Z,2004-12-17T14:37:00.000Z,-5,pre_event,positive,research_confirmed,Banacos_2014,KMPV
SQCL-2004-12-17-KMPV,2004-12-17T14:42:00.000Z,2004-12-17T14:42:00.000Z,0,onset,positive,research_confirmed,Banacos_2014,KMPV
SQCL-2004-12-17-KMPV,2004-12-17T14:42:00.000Z,2004-12-17T14:47:00.000Z,5,post_event,positive,research_confirmed,Banacos_2014,KMPV
SQCL-2004-12-17-KMPV,2004-12-17T14:42:00.000Z,2004-12-17T14:52:00.000Z,10,post_event,positive,research_confirmed,Banacos_2014,KMPV
SQCL-2004-12-17-KMPV,2004-12-17T14:42:00.000Z,2004-12-17T14:57:00.000Z,15,post_event,positive,research_confirmed,Banacos_2014,KMPV
SQCL-2004-12-17-KMPV,2004-12-17T14:42:00.000Z,2004-12-17T15:02:00.000Z,20,post_event,positive,research_confirmed,Banacos_2014,KMPV
SQCL-2004-12-17-KMPV,2004-12-17T14:42:00.000Z,2004-12-17T15:07:00.000Z,25,post_event,positive,research_confirmed,Banacos_2014,KMPV
SQCL-2004-12-17-KMPV,2004-12-17T14:42:00.000Z,2004-12-17T15:12:00.000Z,30,post_event,positive,research_confirmed,Banacos_2014,KMPV
SQCL-2004-12-17-KMPV,2004-12-17T14:42:00.000Z,2004-12-17T15:17:00.000Z,35,post_event,positive,research_confirmed,Banacos_2014,KMPV
SQCL-2004-12-17-KMPV,2004-12-17T14:42:00.000Z,2004-12-17T15:22:00.000Z,40,post_event,positive,research_confirmed,Banacos_2014,KMPV
SQCL-2004-12-17-KMPV,2004-12-17T14:42:00.000Z,2004-12-17T15:27:00.000Z,45,post_event,positive,research_confirmed,Banacos_2014,KMPV
SQCL-2004-12-17-KMPV,2004-12-17T14:42:00.000Z,2004-12-17T15:32:00.000Z,50,post_event,positive,research_confirmed,Banacos_2014,KMPV
SQCL-2004-12-17-KMPV,2004-12-17T14:42:00.000Z,2004-12-17T15:37:00.000Z,55,post_event,positive,research_confirmed,Banacos_2014,KMPV
SQCL-2004-12-17-KMPV,2004-12-17T14:42:00.000Z,2004-12-17T15:42:00.000Z,60,post_event,positive,research_confirmed,Banacos_2014,KMPV
SQCL-2004-12-17-KMPV,2004-12-17T14:42:00.000Z,2004-12-17T15:47:00.000Z,65,post_event,positive,research_confirmed,Banacos_2014,KMPV
SQCL-2004-12-17-KMPV,2004-12-17T14:42:00.000Z,2004-12-17T15:52:00.000Z,70,post_event,positive,research_confirmed,Banacos_2014,KMPV
SQCL-2004-12-17-KMPV,2004-12-17T14:42:00.000Z,2004-12-17T15:57:00.000Z,75,post_event,positive,research_confirmed,Banacos_2014,KMPV
SQCL-2004-12-17-KMPV,2004-12-17T14:42:00.000Z,2004-12-17T16:02:00.000Z,80,post_event,positive,research_confirmed,Banacos_2014,KMPV
SQCL-2004-12-17-KMPV,2004-12-17T14:42:00.000Z,2004-12-17T16:07:00.000Z,85,post_event,positive,research_confirmed,Banacos_2014,KMPV
SQCL-2004-12-17-KMPV,2004-12-17T14:42:00.000Z,2004-12-17T16:12:00.000Z,90,post_event,positive,research_confirmed,Banacos_2014,KMPV
SQCL-2005-01-11-KBTV,2005-01-11T01:24:00.000Z,2005-01-11T00:24:00.000Z,-60,pre_event,positive,research_confirmed,Banacos_2014,KBTV
SQCL-2005-01-11-KBTV,2005-01-11T01:24:00.000Z,2005-01-11T00:29:00.000Z,-55,pre_event,positive,research_confirmed,Banacos_2014,KBTV
SQCL-2005-01-11-KBTV,2005-01-11T01:24:00.000Z,2005-01-11T00:34:00.000Z,-50,pre_event,positive,research_confirmed,Banacos_2014,KBTV
SQCL-2005-01-11-KBTV,2005-01-11T01:24:00.000Z,2005-01-11T00:39:00.000Z,-45,pre_event,positive,research_confirmed,Banacos_2014,KBTV
SQCL-2005-01-11-KBTV,2005-01-11T01:24:00.000Z,2005-01-11T00:44:00.000Z,-40,pre_event,positive,research_confirmed,Banacos_2014,KBTV
SQCL-2005-01-11-KBTV,2005-01-11T01:24:00.000Z,2005-01-11T00:49:00.000Z,-35,pre_event,positive,research_confirmed,Banacos_2014,KBTV
SQCL-2005-01-11-KBTV,2005-01-11T01:24:00.000Z,2005-01-11T00:54:00.000Z,-30,pre_event,positive,research_confirmed,Banacos_2014,KBTV
SQCL-2005-01-11-KBTV,2005-01-11T01:24:00.000Z,2005-01-11T00:59:00.000Z,-25,pre_event,positive,research_confirmed,Banacos_2014,KBTV
SQCL-2005-01-11-KBTV,2005-01-11T01:24:00.000Z,2005-01-11T01:04:00.000Z,-20,pre_event,positive,research_confirmed,Banacos_2014,KBTV
SQCL-2005-01-11-KBTV,2005-01-11T01:24:00.000Z,2005-01-11T01:09:00.000Z,-15,pre_event,positive,research_confirmed,Banacos_2014,KBTV
SQCL-2005-01-11-KBTV,2005-01-11T01:24:00.000Z,2005-01-11T01:14:00.000Z,-10,pre_event,positive,research_confirmed,Banacos_2014,KBTV
SQCL-2005-01-11-KBTV,2005-01-11T01:24:00.000Z,2005-01-11T01:19:00.000Z,-5,pre_event,positive,research_confirmed,Banacos_2014,KBTV
SQCL-2005-01-11-KBTV,2005-01-11T01:24:00.000Z,2005-01-11T01:24:00.000Z,0,onset,positive,research_confirmed,Banacos_2014,KBTV
SQCL-2005-01-11-KBTV,2005-01-11T01:24:00.000Z,2005-01-11T01:29:00.000Z,5,post_event,positive,research_confirmed,Banacos_2014,KBTV
SQCL-2005-01-11-KBTV,2005-01-11T01:24:00.000Z,2005-01-11T01:34:00.000Z,10,post_event,positive,research_confirmed,Banacos_2014,KBTV
SQCL-2005-01-11-KBTV,2005-01-11T01:24:00.000Z,2005-01-11T01:39:00.000Z,15,post_event,positive,research_confirmed,Banacos_2014,KBTV
SQCL-2005-01-11-KBTV,2005-01-11T01:24:00.000Z,2005-01-11T01:44:00.000Z,20,post_event,positive,research_confirmed,Banacos_2014,KBTV
SQCL-2005-01-11-KBTV,2005-01-11T01:24:00.000Z,2005-01-11T01:49:00.000Z,25,post_event,positive,research_confirmed,Banacos_2014,KBTV
SQCL-2005-01-11-KBTV,2005-01-11T01:24:00.000Z,2005-01-11T01:54:00.000Z,30,post_event,positive,research_confirmed,Banacos_2014,KBTV
SQCL-2005-01-11-KBTV,2005-01-11T01:24:00.000Z,2005-01-11T01:59:00.000Z,35,post_event,positive,research_confirmed,Banacos_2014,KBTV
SQCL-2005-01-11-KBTV,2005-01-11T01:24:00.000Z,2005-01-11T02:04:00.000Z,40,post_event,positive,research_confirmed,Banacos_2014,KBTV
SQCL-2005-01-11-KBTV,2005-01-11T01:24:00.000Z,2005-01-11T02:09:00.000Z,45,post_event,positive,research_confirmed,Banacos_2014,KBTV
SQCL-2005-01-11-KBTV,2005-01-11T01:24:00.000Z,2005-01-11T02:14:00.000Z,50,post_event,positive,research_confirmed,Banacos_2014,KBTV
SQCL-2005-01-11-KBTV,2005-01-11T01:24:00.000Z,2005-01-11T02:19:00.000Z,55,post_event,positive,research_confirmed,Banacos_2014,KBTV
SQCL-2005-01-11-KBTV,2005-01-11T01:24:00.000Z,2005-01-11T02:24:00.000Z,60,post_event,positive,research_confirmed,Banacos_2014,KBTV
SQCL-2005-01-11-KBTV,2005-01-11T01:24:00.000Z,2005-01-11T02:29:00.000Z,65,post_event,positive,research_confirmed,Banacos_2014,KBTV
SQCL-2005-01-11-KBTV,2005-01-11T01:24:00.000Z,2005-01-11T02:34:00.000Z,70,post_event,positive,research_confirmed,Banacos_2014,KBTV
SQCL-2005-01-11-KBTV,2005-01-11T01:24:00.000Z,2005-01-11T02:39:00.000Z,75,post_event,positive,research_confirmed,Banacos_2014,KBTV
SQCL-2005-01-11-KBTV,2005-01-11T01:24:00.000Z,2005-01-11T02:44:00.000Z,80,post_event,positive,research_confirmed,Banacos_2014,KBTV
SQCL-2005-01-11-KBTV,2005-01-11T01:24:00.000Z,2005-01-11T02:49:00.000Z,85,post_event,positive,research_confirmed,Banacos_2014,KBTV
SQCL-2005-01-11-KBTV,2005-01-11T01:24:00.000Z,2005-01-11T02:54:00.000Z,90,post_event,positive,research_confirmed,Banacos_2014,KBTV
SQCL-2005-02-13-KBTV,2005-02-13T09:24:00.000Z,2005-02-13T08:24:00.000Z,-60,pre_event,positive,research_confirmed,Banacos_2014,KBTV
SQCL-2005-02-13-KBTV,2005-02-13T09:24:00.000Z,2005-02-13T08:29:00.000Z,-55,pre_event,positive,research_confirmed,Banacos_2014,KBTV
SQCL-2005-02-13-KBTV,2005-02-13T09:24:00.000Z,2005-02-13T08:34:00.000Z,-50,pre_event,positive,research_confirmed,Banacos_2014,KBTV
SQCL-2005-02-13-KBTV,2005-02-13T09:24:00.000Z,2005-02-13T08:39:00.000Z,-45,pre_event,positive,research_confirmed,Banacos_2014,KBTV
SQCL-2005-02-13-KBTV,2005-02-13T09:24:00.000Z,2005-02-13T08:44:00.000Z,-40,pre_event,positive,research_confirmed,Banacos_2014,KBTV
SQCL-2005-02-13-KBTV,2005-02-13T09:24:00.000Z,2005-02-13T08:49:00.000Z,-35,pre_event,positive,research_confirmed,Banacos_2014,KBTV
SQCL-2005-02-13-KBTV,2005-02-13T09:24:00.000Z,2005-02-13T08:54:00.000Z,-30,pre_event,positive,research_confirmed,Banacos_2014,KBTV
SQCL-2005-02-13-KBTV,2005-02-13T09:24:00.000Z,2005-02-13T08:59:00.000Z,-25,pre_event,positive,research_confirmed,Banacos_2014,KBTV
SQCL-2005-02-13-KBTV,2005-02-13T09:24:00.000Z,2005-02-13T09:04:00.000Z,-20,pre_event,positive,research_confirmed,Banacos_2014,KBTV
SQCL-2005-02-13-KBTV,2005-02-13T09:24:00.000Z,2005-02-13T09:09:00.000Z,-15,pre_event,positive,research_confirmed,Banacos_2014,KBTV
SQCL-2005-02-13-KBTV,2005-02-13T09:24:00.000Z,2005-02-13T09:14:00.000Z,-10,pre_event,positive,research_confirmed,Banacos_2014,KBTV
SQCL-2005-02-13-KBTV,2005-02-13T09:24:00.000Z,2005-02-13T09:19:00.000Z,-5,pre_event,positive,research_confirmed,Banacos_2014,KBTV
SQCL-2005-02-13-KBTV,2005-02-13T09:24:00.000Z,2005-02-13T09:24:00.000Z,0,onset,positive,research_confirmed,Banacos_2014,KBTV
SQCL-2005-02-13-KBTV,2005-02-13T09:24:00.000Z,2005-02-13T09:29:00.000Z,5,post_event,positive,research_confirmed,Banacos_2014,KBTV
SQCL-2005-02-13-KBTV,2005-02-13T09:24:00.000Z,2005-02-13T09:34:00.000Z,10,post_event,positive,research_confirmed,Banacos_2014,KBTV
SQCL-2005-02-13-KBTV,2005-02-13T09:24:00.000Z,2005-02-13T09:39:00.000Z,15,post_event,positive,research_confirmed,Banacos_2014,KBTV
SQCL-2005-02-13-KBTV,2005-02-13T09:24:00.000Z,2005-02-13T09:44:00.000Z,20,post_event,positive,research_confirmed,Banacos_2014,KBTV
SQCL-2005-02-13-KBTV,2005-02-13T09:24:00.000Z,2005-02-13T09:49:00.000Z,25,post_event,positive,research_confirmed,Banacos_2014,KBTV
SQCL-2005-02-13-KBTV,2005-02-13T09:24:00.000Z,2005-02-13T09:54:00.000Z,30,post_event,positive,research_confirmed,Banacos_2014,KBTV
SQCL-2005-02-13-KBTV,2005-02-13T09:24:00.000Z,2005-02-13T09:59:00.000Z,35,post_event,positive,research_confirmed,Banacos_2014,KBTV
SQCL-2005-02-13-KBTV,2005-02-13T09:24:00.000Z,2005-02-13T10:04:00.000Z,40,post_event,positive,research_confirmed,Banacos_2014,KBTV
SQCL-2005-02-13-KBTV,2005-02-13T09:24:00.000Z,2005-02-13T10:09:00.000Z,45,post_event,positive,research_confirmed,Banacos_2014,KBTV
SQCL-2005-02-13-KBTV,2005-02-13T09:24:00.000Z,2005-02-13T10:14:00.000Z,50,post_event,positive,research_confirmed,Banacos_2014,KBTV
SQCL-2005-02-13-KBTV,2005-02-13T09:24:00.000Z,2005-02-13T10:19:00.000Z,55,post_event,positive,research_confirmed,Banacos_2014,KBTV
SQCL-2005-02-13-KBTV,2005-02-13T09:24:00.000Z,2005-02-13T10:24:00.000Z,60,post_event,positive,research_confirmed,Banacos_2014,KBTV
SQCL-2005-02-13-KBTV,2005-02-13T09:24:00.000Z,2005-02-13T10:29:00.000Z,65,post_event,positive,research_confirmed,Banacos_2014,KBTV
SQCL-2005-02-13-KBTV,2005-02-13T09:24:00.000Z,2005-02-13T10:34:00.000Z,70,post_event,positive,research_confirmed,Banacos_2014,KBTV
SQCL-2005-02-13-KBTV,2005-02-13T09:24:00.000Z,2005-02-13T10:39:00.000Z,75,post_event,positive,research_confirmed,Banacos_2014,KBTV
SQCL-2005-02-13-KBTV,2005-02-13T09:24:00.000Z,2005-02-13T10:44:00.000Z,80,post_event,positive,research_confirmed,Banacos_2014,KBTV
SQCL-2005-02-13-KBTV,2005-02-13T09:24:00.000Z,2005-02-13T10:49:00.000Z,85,post_event,positive,research_confirmed,Banacos_2014,KBTV
SQCL-2005-02-13-KBTV,2005-02-13T09:24:00.000Z,2005-02-13T10:54:00.000Z,90,post_event,positive,research_confirmed,Banacos_2014,KBTV
SQCL-2005-02-20-KBTV,2005-02-20T03:11:00.000Z,2005-02-20T02:11:00.000Z,-60,pre_event,positive,research_confirmed,Banacos_2014,KBTV
SQCL-2005-02-20-KBTV,2005-02-20T03:11:00.000Z,2005-02-20T02:16:00.000Z,-55,pre_event,positive,research_confirmed,Banacos_2014,KBTV
SQCL-2005-02-20-KBTV,2005-02-20T03:11:00.000Z,2005-02-20T02:21:00.000Z,-50,pre_event,positive,research_confirmed,Banacos_2014,KBTV
SQCL-2005-02-20-KBTV,2005-02-20T03:11:00.000Z,2005-02-20T02:26:00.000Z,-45,pre_event,positive,research_confirmed,Banacos_2014,KBTV
SQCL-2005-02-20-KBTV,2005-02-20T03:11:00.000Z,2005-02-20T02:31:00.000Z,-40,pre_event,positive,research_confirmed,Banacos_2014,KBTV
SQCL-2005-02-20-KBTV,2005-02-20T03:11:00.000Z,2005-02-20T02:36:00.000Z,-35,pre_event,positive,research_confirmed,Banacos_2014,KBTV
SQCL-2005-02-20-KBTV,2005-02-20T03:11:00.000Z,2005-02-20T02:41:00.000Z,-30,pre_event,positive,research_confirmed,Banacos_2014,KBTV
SQCL-2005-02-20-KBTV,2005-02-20T03:11:00.000Z,2005-02-20T02:46:00.000Z,-25,pre_event,positive,research_confirmed,Banacos_2014,KBTV
SQCL-2005-02-20-KBTV,2005-02-20T03:11:00.000Z,2005-02-20T02:51:00.000Z,-20,pre_event,positive,research_confirmed,Banacos_2014,KBTV
SQCL-2005-02-20-KBTV,2005-02-20T03:11:00.000Z,2005-02-20T02:56:00.000Z,-15,pre_event,positive,research_confirmed,Banacos_2014,KBTV
SQCL-2005-02-20-KBTV,2005-02-20T03:11:00.000Z,2005-02-20T03:01:00.000Z,-10,pre_event,positive,research_confirmed,Banacos_2014,KBTV
SQCL-2005-02-20-KBTV,2005-02-20T03:11:00.000Z,2005-02-20T03:06:00.000Z,-5,pre_event,positive,research_confirmed,Banacos_2014,KBTV
SQCL-2005-02-20-KBTV,2005-02-20T03:11:00.000Z,2005-02-20T03:11:00.000Z,0,onset,positive,research_confirmed,Banacos_2014,KBTV
SQCL-2005-02-20-KBTV,2005-02-20T03:11:00.000Z,2005-02-20T03:16:00.000Z,5,post_event,positive,research_confirmed,Banacos_2014,KBTV
SQCL-2005-02-20-KBTV,2005-02-20T03:11:00.000Z,2005-02-20T03:21:00.000Z,10,post_event,positive,research_confirmed,Banacos_2014,KBTV
SQCL-2005-02-20-KBTV,2005-02-20T03:11:00.000Z,2005-02-20T03:26:00.000Z,15,post_event,positive,research_confirmed,Banacos_2014,KBTV
SQCL-2005-02-20-KBTV,2005-02-20T03:11:00.000Z,2005-02-20T03:31:00.000Z,20,post_event,positive,research_confirmed,Banacos_2014,KBTV
SQCL-2005-02-20-KBTV,2005-02-20T03:11:00.000Z,2005-02-20T03:36:00.000Z,25,post_event,positive,research_confirmed,Banacos_2014,KBTV
SQCL-2005-02-20-KBTV,2005-02-20T03:11:00.000Z,2005-02-20T03:41:00.000Z,30,post_event,positive,research_confirmed,Banacos_2014,KBTV
SQCL-2005-02-20-KBTV,2005-02-20T03:11:00.000Z,2005-02-20T03:46:00.000Z,35,post_event,positive,research_confirmed,Banacos_2014,KBTV
SQCL-2005-02-20-KBTV,2005-02-20T03:11:00.000Z,2005-02-20T03:51:00.000Z,40,post_event,positive,research_confirmed,Banacos_2014,KBTV
SQCL-2005-02-20-KBTV,2005-02-20T03:11:00.000Z,2005-02-20T03:56:00.000Z,45,post_event,positive,research_confirmed,Banacos_2014,KBTV
SQCL-2005-02-20-KBTV,2005-02-20T03:11:00.000Z,2005-02-20T04:01:00.000Z,50,post_event,positive,research_confirmed,Banacos_2014,KBTV
SQCL-2005-02-20-KBTV,2005-02-20T03:11:00.000Z,2005-02-20T04:06:00.000Z,55,post_event,positive,research_confirmed,Banacos_2014,KBTV
SQCL-2005-02-20-KBTV,2005-02-20T03:11:00.000Z,2005-02-20T04:11:00.000Z,60,post_event,positive,research_confirmed,Banacos_2014,KBTV
SQCL-2005-02-20-KBTV,2005-02-20T03:11:00.000Z,2005-02-20T04:16:00.000Z,65,post_event,positive,research_confirmed,Banacos_2014,KBTV
SQCL-2005-02-20-KBTV,2005-02-20T03:11:00.000Z,2005-02-20T04:21:00.000Z,70,post_event,positive,research_confirmed,Banacos_2014,KBTV
SQCL-2005-02-20-KBTV,2005-02-20T03:11:00.000Z,2005-02-20T04:26:00.000Z,75,post_event,positive,research_confirmed,Banacos_2014,KBTV
SQCL-2005-02-20-KBTV,2005-02-20T03:11:00.000Z,2005-02-20T04:31:00.000Z,80,post_event,positive,research_confirmed,Banacos_2014,KBTV
SQCL-2005-02-20-KBTV,2005-02-20T03:11:00.000Z,2005-02-20T04:36:00.000Z,85,post_event,positive,research_confirmed,Banacos_2014,KBTV
SQCL-2005-02-20-KBTV,2005-02-20T03:11:00.000Z,2005-02-20T04:41:00.000Z,90,post_event,positive,research_confirmed,Banacos_2014,KBTV
SQCL-2005-11-24-KBTV,2005-11-24T23:41:00.000Z,2005-11-24T22:41:00.000Z,-60,pre_event,positive,research_confirmed,Banacos_2014,KBTV
SQCL-2005-11-24-KBTV,2005-11-24T23:41:00.000Z,2005-11-24T22:46:00.000Z,-55,pre_event,positive,research_confirmed,Banacos_2014,KBTV
SQCL-2005-11-24-KBTV,2005-11-24T23:41:00.000Z,2005-11-24T22:51:00.000Z,-50,pre_event,positive,research_confirmed,Banacos_2014,KBTV
SQCL-2005-11-24-KBTV,2005-11-24T23:41:00.000Z,2005-11-24T22:56:00.000Z,-45,pre_event,positive,research_confirmed,Banacos_2014,KBTV
SQCL-2005-11-24-KBTV,2005-11-24T23:41:00.000Z,2005-11-24T23:01:00.000Z,-40,pre_event,positive,research_confirmed,Banacos_2014,KBTV
SQCL-2005-11-24-KBTV,2005-11-24T23:41:00.000Z,2005-11-24T23:06:00.000Z,-35,pre_event,positive,research_confirmed,Banacos_2014,KBTV
SQCL-2005-11-24-KBTV,2005-11-24T23:41:00.000Z,2005-11-24T23:11:00.000Z,-30,pre_event,positive,research_confirmed,Banacos_2014,KBTV
SQCL-2005-11-24-KBTV,2005-11-24T23:41:00.000Z,2005-11-24T23:16:00.000Z,-25,pre_event,positive,research_confirmed,Banacos_2014,KBTV
SQCL-2005-11-24-KBTV,2005-11-24T23:41:00.000Z,2005-11-24T23:21:00.000Z,-20,pre_event,positive,research_confirmed,Banacos_2014,KBTV
SQCL-2005-11-24-KBTV,2005-11-24T23:41:00.000Z,2005-11-24T23:26:00.000Z,-15,pre_event,positive,research_confirmed,Banacos_2014,KBTV
SQCL-2005-11-24-KBTV,2005-11-24T23:41:00.000Z,2005-11-24T23:31:00.000Z,-10,pre_event,positive,research_confirmed,Banacos_2014,KBTV
SQCL-2005-11-24-KBTV,2005-11-24T23:41:00.000Z,2005-11-24T23:36:00.000Z,-5,pre_event,positive,research_confirmed,Banacos_2014,KBTV
SQCL-2005-11-24-KBTV,2005-11-24T23:41:00.000Z,2005-11-24T23:41:00.000Z,0,onset,positive,research_confirmed,Banacos_2014,KBTV
SQCL-2005-11-24-KBTV,2005-11-24T23:41:00.000Z,2005-11-24T23:46:00.000Z,5,post_event,positive,research_confirmed,Banacos_2014,KBTV
SQCL-2005-11-24-KBTV,2005-11-24T23:41:00.000Z,2005-11-24T23:51:00.000Z,10,post_event,positive,research_confirmed,Banacos_2014,KBTV
SQCL-2005-11-24-KBTV,2005-11-24T23:41:00.000Z,2005-11-24T23:56:00.000Z,15,post_event,positive,research_confirmed,Banacos_2014,KBTV
SQCL-2005-11-24-KBTV,2005-11-24T23:41:00.000Z,2005-11-25T00:01:00.000Z,20,post_event,positive,research_confirmed,Banacos_2014,KBTV
SQCL-2005-11-24-KBTV,2005-11-24T23:41:00.000Z,2005-11-25T00:06:00.000Z,25,post_event,positive,research_confirmed,Banacos_2014,KBTV
SQCL-2005-11-24-KBTV,2005-11-24T23:41:00.000Z,2005-11-25T00:11:00.000Z,30,post_event,positive,research_confirmed,Banacos_2014,KBTV
SQCL-2005-11-24-KBTV,2005-11-24T23:41:00.000Z,2005-11-25T00:16:00.000Z,35,post_event,positive,research_confirmed,Banacos_2014,KBTV
SQCL-2005-11-24-KBTV,2005-11-24T23:41:00.000Z,2005-11-25T00:21:00.000Z,40,post_event,positive,research_confirmed,Banacos_2014,KBTV
SQCL-2005-11-24-KBTV,2005-11-24T23:41:00.000Z,2005-11-25T00:26:00.000Z,45,post_event,positive,research_confirmed,Banacos_2014,KBTV
SQCL-2005-11-24-KBTV,2005-11-24T23:41:00.000Z,2005-11-25T00:31:00.000Z,50,post_event,positive,research_confirmed,Banacos_2014,KBTV
SQCL-2005-11-24-KBTV,2005-11-24T23:41:00.000Z,2005-11-25T00:36:00.000Z,55,post_event,positive,research_confirmed,Banacos_2014,KBTV
SQCL-2005-11-24-KBTV,2005-11-24T23:41:00.000Z,2005-11-25T00:41:00.000Z,60,post_event,positive,research_confirmed,Banacos_2014,KBTV
SQCL-2005-11-24-KBTV,2005-11-24T23:41:00.000Z,2005-11-25T00:46:00.000Z,65,post_event,positive,research_confirmed,Banacos_2014,KBTV
SQCL-2005-11-24-KBTV,2005-11-24T23:41:00.000Z,2005-11-25T00:51:00.000Z,70,post_event,positive,research_confirmed,Banacos_2014,KBTV
SQCL-2005-11-24-KBTV,2005-11-24T23:41:00.000Z,2005-11-25T00:56:00.000Z,75,post_event,positive,research_confirmed,Banacos_2014,KBTV
SQCL-2005-11-24-KBTV,2005-11-24T23:41:00.000Z,2005-11-25T01:01:00.000Z,80,post_event,positive,research_confirmed,Banacos_2014,KBTV
SQCL-2005-11-24-KBTV,2005-11-24T23:41:00.000Z,2005-11-25T01:06:00.000Z,85,post_event,positive,research_confirmed,Banacos_2014,KBTV
SQCL-2005-11-24-KBTV,2005-11-24T23:41:00.000Z,2005-11-25T01:11:00.000Z,90,post_event,positive,research_confirmed,Banacos_2014,KBTV
SQCL-2005-12-20-KBTV,2005-12-20T22:22:00.000Z,2005-12-20T21:22:00.000Z,-60,pre_event,positive,research_confirmed,Banacos_2014,KBTV
SQCL-2005-12-20-KBTV,2005-12-20T22:22:00.000Z,2005-12-20T21:27:00.000Z,-55,pre_event,positive,research_confirmed,Banacos_2014,KBTV
SQCL-2005-12-20-KBTV,2005-12-20T22:22:00.000Z,2005-12-20T21:32:00.000Z,-50,pre_event,positive,research_confirmed,Banacos_2014,KBTV
SQCL-2005-12-20-KBTV,2005-12-20T22:22:00.000Z,2005-12-20T21:37:00.000Z,-45,pre_event,positive,research_confirmed,Banacos_2014,KBTV
SQCL-2005-12-20-KBTV,2005-12-20T22:22:00.000Z,2005-12-20T21:42:00.000Z,-40,pre_event,positive,research_confirmed,Banacos_2014,KBTV
SQCL-2005-12-20-KBTV,2005-12-20T22:22:00.000Z,2005-12-20T21:47:00.000Z,-35,pre_event,positive,research_confirmed,Banacos_2014,KBTV
SQCL-2005-12-20-KBTV,2005-12-20T22:22:00.000Z,2005-12-20T21:52:00.000Z,-30,pre_event,positive,research_confirmed,Banacos_2014,KBTV
SQCL-2005-12-20-KBTV,2005-12-20T22:22:00.000Z,2005-12-20T21:57:00.000Z,-25,pre_event,positive,research_confirmed,Banacos_2014,KBTV
SQCL-2005-12-20-KBTV,2005-12-20T22:22:00.000Z,2005-12-20T22:02:00.000Z,-20,pre_event,positive,research_confirmed,Banacos_2014,KBTV
SQCL-2005-12-20-KBTV,2005-12-20T22:22:00.000Z,2005-12-20T22:07:00.000Z,-15,pre_event,positive,research_confirmed,Banacos_2014,KBTV
SQCL-2005-12-20-KBTV,2005-12-20T22:22:00.000Z,2005-12-20T22:12:00.000Z,-10,pre_event,positive,research_confirmed,Banacos_2014,KBTV
SQCL-2005-12-20-KBTV,2005-12-20T22:22:00.000Z,2005-12-20T22:17:00.000Z,-5,pre_event,positive,research_confirmed,Banacos_2014,KBTV
SQCL-2005-12-20-KBTV,2005-12-20T22:22:00.000Z,2005-12-20T22:22:00.000Z,0,onset,positive,research_confirmed,Banacos_2014,KBTV
SQCL-2005-12-20-KBTV,2005-12-20T22:22:00.000Z,2005-12-20T22:27:00.000Z,5,post_event,positive,research_confirmed,Banacos_2014,KBTV
SQCL-2005-12-20-KBTV,2005-12-20T22:22:00.000Z,2005-12-20T22:32:00.000Z,10,post_event,positive,research_confirmed,Banacos_2014,KBTV
SQCL-2005-12-20-KBTV,2005-12-20T22:22:00.000Z,2005-12-20T22:37:00.000Z,15,post_event,positive,research_confirmed,Banacos_2014,KBTV
SQCL-2005-12-20-KBTV,2005-12-20T22:22:00.000Z,2005-12-20T22:42:00.000Z,20,post_event,positive,research_confirmed,Banacos_2014,KBTV
SQCL-2005-12-20-KBTV,2005-12-20T22:22:00.000Z,2005-12-20T22:47:00.000Z,25,post_event,positive,research_confirmed,Banacos_2014,KBTV
SQCL-2005-12-20-KBTV,2005-12-20T22:22:00.000Z,2005-12-20T22:52:00.000Z,30,post_event,positive,research_confirmed,Banacos_2014,KBTV
SQCL-2005-12-20-KBTV,2005-12-20T22:22:00.000Z,2005-12-20T22:57:00.000Z,35,post_event,positive,research_confirmed,Banacos_2014,KBTV
SQCL-2005-12-20-KBTV,2005-12-20T22:22:00.000Z,2005-12-20T23:02:00.000Z,40,post_event,positive,research_confirmed,Banacos_2014,KBTV
SQCL-2005-12-20-KBTV,2005-12-20T22:22:00.000Z,2005-12-20T23:07:00.000Z,45,post_event,positive,research_confirmed,Banacos_2014,KBTV
SQCL-2005-12-20-KBTV,2005-12-20T22:22:00.000Z,2005-12-20T23:12:00.000Z,50,post_event,positive,research_confirmed,Banacos_2014,KBTV
SQCL-2005-12-20-KBTV,2005-12-20T22:22:00.000Z,2005-12-20T23:17:00.000Z,55,post_event,positive,research_confirmed,Banacos_2014,KBTV
SQCL-2005-12-20-KBTV,2005-12-20T22:22:00.000Z,2005-12-20T23:22:00.000Z,60,post_event,positive,research_confirmed,Banacos_2014,KBTV
SQCL-2005-12-20-KBTV,2005-12-20T22:22:00.000Z,2005-12-20T23:27:00.000Z,65,post_event,positive,research_confirmed,Banacos_2014,KBTV
SQCL-2005-12-20-KBTV,2005-12-20T22:22:00.000Z,2005-12-20T23:32:00.000Z,70,post_event,positive,research_confirmed,Banacos_2014,KBTV
SQCL-2005-12-20-KBTV,2005-12-20T22:22:00.000Z,2005-12-20T23:37:00.000Z,75,post_event,positive,research_confirmed,Banacos_2014,KBTV
SQCL-2005-12-20-KBTV,2005-12-20T22:22:00.000Z,2005-12-20T23:42:00.000Z,80,post_event,positive,research_confirmed,Banacos_2014,KBTV
SQCL-2005-12-20-KBTV,2005-12-20T22:22:00.000Z,2005-12-20T23:47:00.000Z,85,post_event,positive,research_confirmed,Banacos_2014,KBTV
SQCL-2005-12-20-KBTV,2005-12-20T22:22:00.000Z,2005-12-20T23:52:00.000Z,90,post_event,positive,research_confirmed,Banacos_2014,KBTV
SQCL-2006-02-07-KMPV,2006-02-07T04:47:00.000Z,2006-02-07T03:47:00.000Z,-60,pre_event,positive,research_confirmed,Banacos_2014,KMPV
SQCL-2006-02-07-KMPV,2006-02-07T04:47:00.000Z,2006-02-07T03:52:00.000Z,-55,pre_event,positive,research_confirmed,Banacos_2014,KMPV
SQCL-2006-02-07-KMPV,2006-02-07T04:47:00.000Z,2006-02-07T03:57:00.000Z,-50,pre_event,positive,research_confirmed,Banacos_2014,KMPV
SQCL-2006-02-07-KMPV,2006-02-07T04:47:00.000Z,2006-02-07T04:02:00.000Z,-45,pre_event,positive,research_confirmed,Banacos_2014,KMPV
SQCL-2006-02-07-KMPV,2006-02-07T04:47:00.000Z,2006-02-07T04:07:00.000Z,-40,pre_event,positive,research_confirmed,Banacos_2014,KMPV
SQCL-2006-02-07-KMPV,2006-02-07T04:47:00.000Z,2006-02-07T04:12:00.000Z,-35,pre_event,positive,research_confirmed,Banacos_2014,KMPV
SQCL-2006-02-07-KMPV,2006-02-07T04:47:00.000Z,2006-02-07T04:17:00.000Z,-30,pre_event,positive,research_confirmed,Banacos_2014,KMPV
SQCL-2006-02-07-KMPV,2006-02-07T04:47:00.000Z,2006-02-07T04:22:00.000Z,-25,pre_event,positive,research_confirmed,Banacos_2014,KMPV
SQCL-2006-02-07-KMPV,2006-02-07T04:47:00.000Z,2006-02-07T04:27:00.000Z,-20,pre_event,positive,research_confirmed,Banacos_2014,KMPV
SQCL-2006-02-07-KMPV,2006-02-07T04:47:00.000Z,2006-02-07T04:32:00.000Z,-15,pre_event,positive,research_confirmed,Banacos_2014,KMPV
SQCL-2006-02-07-KMPV,2006-02-07T04:47:00.000Z,2006-02-07T04:37:00.000Z,-10,pre_event,positive,research_confirmed,Banacos_2014,KMPV
SQCL-2006-02-07-KMPV,2006-02-07T04:47:00.000Z,2006-02-07T04:42:00.000Z,-5,pre_event,positive,research_confirmed,Banacos_2014,KMPV
SQCL-2006-02-07-KMPV,2006-02-07T04:47:00.000Z,2006-02-07T04:47:00.000Z,0,onset,positive,research_confirmed,Banacos_2014,KMPV
SQCL-2006-02-07-KMPV,2006-02-07T04:47:00.000Z,2006-02-07T04:52:00.000Z,5,post_event,positive,research_confirmed,Banacos_2014,KMPV
SQCL-2006-02-07-KMPV,2006-02-07T04:47:00.000Z,2006-02-07T04:57:00.000Z,10,post_event,positive,research_confirmed,Banacos_2014,KMPV
SQCL-2006-02-07-KMPV,2006-02-07T04:47:00.000Z,2006-02-07T05:02:00.000Z,15,post_event,positive,research_confirmed,Banacos_2014,KMPV
SQCL-2006-02-07-KMPV,2006-02-07T04:47:00.000Z,2006-02-07T05:07:00.000Z,20,post_event,positive,research_confirmed,Banacos_2014,KMPV
SQCL-2006-02-07-KMPV,2006-02-07T04:47:00.000Z,2006-02-07T05:12:00.000Z,25,post_event,positive,research_confirmed,Banacos_2014,KMPV
SQCL-2006-02-07-KMPV,2006-02-07T04:47:00.000Z,2006-02-07T05:17:00.000Z,30,post_event,positive,research_confirmed,Banacos_2014,KMPV
SQCL-2006-02-07-KMPV,2006-02-07T04:47:00.000Z,2006-02-07T05:22:00.000Z,35,post_event,positive,research_confirmed,Banacos_2014,KMPV
SQCL-2006-02-07-KMPV,2006-02-07T04:47:00.000Z,2006-02-07T05:27:00.000Z,40,post_event,positive,research_confirmed,Banacos_2014,KMPV
SQCL-2006-02-07-KMPV,2006-02-07T04:47:00.000Z,2006-02-07T05:32:00.000Z,45,post_event,positive,research_confirmed,Banacos_2014,KMPV
SQCL-2006-02-07-KMPV,2006-02-07T04:47:00.000Z,2006-02-07T05:37:00.000Z,50,post_event,positive,research_confirmed,Banacos_2014,KMPV
SQCL-2006-02-07-KMPV,2006-02-07T04:47:00.000Z,2006-02-07T05:42:00.000Z,55,post_event,positive,research_confirmed,Banacos_2014,KMPV
SQCL-2006-02-07-KMPV,2006-02-07T04:47:00.000Z,2006-02-07T05:47:00.000Z,60,post_event,positive,research_confirmed,Banacos_2014,KMPV
SQCL-2006-02-07-KMPV,2006-02-07T04:47:00.000Z,2006-02-07T05:52:00.000Z,65,post_event,positive,research_confirmed,Banacos_2014,KMPV
SQCL-2006-02-07-KMPV,2006-02-07T04:47:00.000Z,2006-02-07T05:57:00.000Z,70,post_event,positive,research_confirmed,Banacos_2014,KMPV
SQCL-2006-02-07-KMPV,2006-02-07T04:47:00.000Z,2006-02-07T06:02:00.000Z,75,post_event,positive,research_confirmed,Banacos_2014,KMPV
SQCL-2006-02-07-KMPV,2006-02-07T04:47:00.000Z,2006-02-07T06:07:00.000Z,80,post_event,positive,research_confirmed,Banacos_2014,KMPV
SQCL-2006-02-07-KMPV,2006-02-07T04:47:00.000Z,2006-02-07T06:12:00.000Z,85,post_event,positive,research_confirmed,Banacos_2014,KMPV
SQCL-2006-02-07-KMPV,2006-02-07T04:47:00.000Z,2006-02-07T06:17:00.000Z,90,post_event,positive,research_confirmed,Banacos_2014,KMPV
SQCL-2006-02-24-KBTV,2006-02-24T15:10:00.000Z,2006-02-24T14:10:00.000Z,-60,pre_event,positive,research_confirmed,Banacos_2014,KBTV
SQCL-2006-02-24-KBTV,2006-02-24T15:10:00.000Z,2006-02-24T14:15:00.000Z,-55,pre_event,positive,research_confirmed,Banacos_2014,KBTV
SQCL-2006-02-24-KBTV,2006-02-24T15:10:00.000Z,2006-02-24T14:20:00.000Z,-50,pre_event,positive,research_confirmed,Banacos_2014,KBTV
SQCL-2006-02-24-KBTV,2006-02-24T15:10:00.000Z,2006-02-24T14:25:00.000Z,-45,pre_event,positive,research_confirmed,Banacos_2014,KBTV
SQCL-2006-02-24-KBTV,2006-02-24T15:10:00.000Z,2006-02-24T14:30:00.000Z,-40,pre_event,positive,research_confirmed,Banacos_2014,KBTV
SQCL-2006-02-24-KBTV,2006-02-24T15:10:00.000Z,2006-02-24T14:35:00.000Z,-35,pre_event,positive,research_confirmed,Banacos_2014,KBTV
SQCL-2006-02-24-KBTV,2006-02-24T15:10:00.000Z,2006-02-24T14:40:00.000Z,-30,pre_event,positive,research_confirmed,Banacos_2014,KBTV
SQCL-2006-02-24-KBTV,2006-02-24T15:10:00.000Z,2006-02-24T14:45:00.000Z,-25,pre_event,positive,research_confirmed,Banacos_2014,KBTV
SQCL-2006-02-24-KBTV,2006-02-24T15:10:00.000Z,2006-02-24T14:50:00.000Z,-20,pre_event,positive,research_confirmed,Banacos_2014,KBTV
SQCL-2006-02-24-KBTV,2006-02-24T15:10:00.000Z,2006-02-24T14:55:00.000Z,-15,pre_event,positive,research_confirmed,Banacos_2014,KBTV
SQCL-2006-02-24-KBTV,2006-02-24T15:10:00.000Z,2006-02-24T15:00:00.000Z,-10,pre_event,positive,research_confirmed,Banacos_2014,KBTV
SQCL-2006-02-24-KBTV,2006-02-24T15:10:00.000Z,2006-02-24T15:05:00.000Z,-5,pre_event,positive,research_confirmed,Banacos_2014,KBTV
SQCL-2006-02-24-KBTV,2006-02-24T15:10:00.000Z,2006-02-24T15:10:00.000Z,0,onset,positive,research_confirmed,Banacos_2014,KBTV
SQCL-2006-02-24-KBTV,2006-02-24T15:10:00.000Z,2006-02-24T15:15:00.000Z,5,post_event,positive,research_confirmed,Banacos_2014,KBTV
SQCL-2006-02-24-KBTV,2006-02-24T15:10:00.000Z,2006-02-24T15:20:00.000Z,10,post_event,positive,research_confirmed,Banacos_2014,KBTV
SQCL-2006-02-24-KBTV,2006-02-24T15:10:00.000Z,2006-02-24T15:25:00.000Z,15,post_event,positive,research_confirmed,Banacos_2014,KBTV
SQCL-2006-02-24-KBTV,2006-02-24T15:10:00.000Z,2006-02-24T15:30:00.000Z,20,post_event,positive,research_confirmed,Banacos_2014,KBTV
SQCL-2006-02-24-KBTV,2006-02-24T15:10:00.000Z,2006-02-24T15:35:00.000Z,25,post_event,positive,research_confirmed,Banacos_2014,KBTV
SQCL-2006-02-24-KBTV,2006-02-24T15:10:00.000Z,2006-02-24T15:40:00.000Z,30,post_event,positive,research_confirmed,Banacos_2014,KBTV
SQCL-2006-02-24-KBTV,2006-02-24T15:10:00.000Z,2006-02-24T15:45:00.000Z,35,post_event,positive,research_confirmed,Banacos_2014,KBTV
SQCL-2006-02-24-KBTV,2006-02-24T15:10:00.000Z,2006-02-24T15:50:00.000Z,40,post_event,positive,research_confirmed,Banacos_2014,KBTV
SQCL-2006-02-24-KBTV,2006-02-24T15:10:00.000Z,2006-02-24T15:55:00.000Z,45,post_event,positive,research_confirmed,Banacos_2014,KBTV
SQCL-2006-02-24-KBTV,2006-02-24T15:10:00.000Z,2006-02-24T16:00:00.000Z,50,post_event,positive,research_confirmed,Banacos_2014,KBTV
SQCL-2006-02-24-KBTV,2006-02-24T15:10:00.000Z,2006-02-24T16:05:00.000Z,55,post_event,positive,research_confirmed,Banacos_2014,KBTV
SQCL-2006-02-24-KBTV,2006-02-24T15:10:00.000Z,2006-02-24T16:10:00.000Z,60,post_event,positive,research_confirmed,Banacos_2014,KBTV
SQCL-2006-02-24-KBTV,2006-02-24T15:10:00.000Z,2006-02-24T16:15:00.000Z,65,post_event,positive,research_confirmed,Banacos_2014,KBTV
SQCL-2006-02-24-KBTV,2006-02-24T15:10:00.000Z,2006-02-24T16:20:00.000Z,70,post_event,positive,research_confirmed,Banacos_2014,KBTV
SQCL-2006-02-24-KBTV,2006-02-24T15:10:00.000Z,2006-02-24T16:25:00.000Z,75,post_event,positive,research_confirmed,Banacos_2014,KBTV
SQCL-2006-02-24-KBTV,2006-02-24T15:10:00.000Z,2006-02-24T16:30:00.000Z,80,post_event,positive,research_confirmed,Banacos_2014,KBTV
SQCL-2006-02-24-KBTV,2006-02-24T15:10:00.000Z,2006-02-24T16:35:00.000Z,85,post_event,positive,research_confirmed,Banacos_2014,KBTV
SQCL-2006-02-24-KBTV,2006-02-24T15:10:00.000Z,2006-02-24T16:40:00.000Z,90,post_event,positive,research_confirmed,Banacos_2014,KBTV
SQCL-2006-03-01-KBTV,2006-03-01T03:09:00.000Z,2006-03-01T02:09:00.000Z,-60,pre_event,positive,research_confirmed,Banacos_2014,KBTV
SQCL-2006-03-01-KBTV,2006-03-01T03:09:00.000Z,2006-03-01T02:14:00.000Z,-55,pre_event,positive,research_confirmed,Banacos_2014,KBTV
SQCL-2006-03-01-KBTV,2006-03-01T03:09:00.000Z,2006-03-01T02:19:00.000Z,-50,pre_event,positive,research_confirmed,Banacos_2014,KBTV
SQCL-2006-03-01-KBTV,2006-03-01T03:09:00.000Z,2006-03-01T02:24:00.000Z,-45,pre_event,positive,research_confirmed,Banacos_2014,KBTV
SQCL-2006-03-01-KBTV,2006-03-01T03:09:00.000Z,2006-03-01T02:29:00.000Z,-40,pre_event,positive,research_confirmed,Banacos_2014,KBTV
SQCL-2006-03-01-KBTV,2006-03-01T03:09:00.000Z,2006-03-01T02:34:00.000Z,-35,pre_event,positive,research_confirmed,Banacos_2014,KBTV
SQCL-2006-03-01-KBTV,2006-03-01T03:09:00.000Z,2006-03-01T02:39:00.000Z,-30,pre_event,positive,research_confirmed,Banacos_2014,KBTV
SQCL-2006-03-01-KBTV,2006-03-01T03:09:00.000Z,2006-03-01T02:44:00.000Z,-25,pre_event,positive,research_confirmed,Banacos_2014,KBTV
SQCL-2006-03-01-KBTV,2006-03-01T03:09:00.000Z,2006-03-01T02:49:00.000Z,-20,pre_event,positive,research_confirmed,Banacos_2014,KBTV
SQCL-2006-03-01-KBTV,2006-03-01T03:09:00.000Z,2006-03-01T02:54:00.000Z,-15,pre_event,positive,research_confirmed,Banacos_2014,KBTV
SQCL-2006-03-01-KBTV,2006-03-01T03:09:00.000Z,2006-03-01T02:59:00.000Z,-10,pre_event,positive,research_confirmed,Banacos_2014,KBTV
SQCL-2006-03-01-KBTV,2006-03-01T03:09:00.000Z,2006-03-01T03:04:00.000Z,-5,pre_event,positive,research_confirmed,Banacos_2014,KBTV
SQCL-2006-03-01-KBTV,2006-03-01T03:09:00.000Z,2006-03-01T03:09:00.000Z,0,onset,positive,research_confirmed,Banacos_2014,KBTV
SQCL-2006-03-01-KBTV,2006-03-01T03:09:00.000Z,2006-03-01T03:14:00.000Z,5,post_event,positive,research_confirmed,Banacos_2014,KBTV
SQCL-2006-03-01-KBTV,2006-03-01T03:09:00.000Z,2006-03-01T03:19:00.000Z,10,post_event,positive,research_confirmed,Banacos_2014,KBTV
SQCL-2006-03-01-KBTV,2006-03-01T03:09:00.000Z,2006-03-01T03:24:00.000Z,15,post_event,positive,research_confirmed,Banacos_2014,KBTV
SQCL-2006-03-01-KBTV,2006-03-01T03:09:00.000Z,2006-03-01T03:29:00.000Z,20,post_event,positive,research_confirmed,Banacos_2014,KBTV
SQCL-2006-03-01-KBTV,2006-03-01T03:09:00.000Z,2006-03-01T03:34:00.000Z,25,post_event,positive,research_confirmed,Banacos_2014,KBTV
SQCL-2006-03-01-KBTV,2006-03-01T03:09:00.000Z,2006-03-01T03:39:00.000Z,30,post_event,positive,research_confirmed,Banacos_2014,KBTV
SQCL-2006-03-01-KBTV,2006-03-01T03:09:00.000Z,2006-03-01T03:44:00.000Z,35,post_event,positive,research_confirmed,Banacos_2014,KBTV
SQCL-2006-03-01-KBTV,2006-03-01T03:09:00.000Z,2006-03-01T03:49:00.000Z,40,post_event,positive,research_confirmed,Banacos_2014,KBTV
SQCL-2006-03-01-KBTV,2006-03-01T03:09:00.000Z,2006-03-01T03:54:00.000Z,45,post_event,positive,research_confirmed,Banacos_2014,KBTV
SQCL-2006-03-01-KBTV,2006-03-01T03:09:00.000Z,2006-03-01T03:59:00.000Z,50,post_event,positive,research_confirmed,Banacos_2014,KBTV
SQCL-2006-03-01-KBTV,2006-03-01T03:09:00.000Z,2006-03-01T04:04:00.000Z,55,post_event,positive,research_confirmed,Banacos_2014,KBTV
SQCL-2006-03-01-KBTV,2006-03-01T03:09:00.000Z,2006-03-01T04:09:00.000Z,60,post_event,positive,research_confirmed,Banacos_2014,KBTV
SQCL-2006-03-01-KBTV,2006-03-01T03:09:00.000Z,2006-03-01T04:14:00.000Z,65,post_event,positive,research_confirmed,Banacos_2014,KBTV
SQCL-2006-03-01-KBTV,2006-03-01T03:09:00.000Z,2006-03-01T04:19:00.000Z,70,post_event,positive,research_confirmed,Banacos_2014,KBTV
SQCL-2006-03-01-KBTV,2006-03-01T03:09:00.000Z,2006-03-01T04:24:00.000Z,75,post_event,positive,research_confirmed,Banacos_2014,KBTV
SQCL-2006-03-01-KBTV,2006-03-01T03:09:00.000Z,2006-03-01T04:29:00.000Z,80,post_event,positive,research_confirmed,Banacos_2014,KBTV
SQCL-2006-03-01-KBTV,2006-03-01T03:09:00.000Z,2006-03-01T04:34:00.000Z,85,post_event,positive,research_confirmed,Banacos_2014,KBTV
SQCL-2006-03-01-KBTV,2006-03-01T03:09:00.000Z,2006-03-01T04:39:00.000Z,90,post_event,positive,research_confirmed,Banacos_2014,KBTV
SQCL-2006-03-15-KMPV,2006-03-15T06:24:00.000Z,2006-03-15T05:24:00.000Z,-60,pre_event,positive,research_confirmed,Banacos_2014,KMPV
SQCL-2006-03-15-KMPV,2006-03-15T06:24:00.000Z,2006-03-15T05:29:00.000Z,-55,pre_event,positive,research_confirmed,Banacos_2014,KMPV
SQCL-2006-03-15-KMPV,2006-03-15T06:24:00.000Z,2006-03-15T05:34:00.000Z,-50,pre_event,positive,research_confirmed,Banacos_2014,KMPV
SQCL-2006-03-15-KMPV,2006-03-15T06:24:00.000Z,2006-03-15T05:39:00.000Z,-45,pre_event,positive,research_confirmed,Banacos_2014,KMPV
SQCL-2006-03-15-KMPV,2006-03-15T06:24:00.000Z,2006-03-15T05:44:00.000Z,-40,pre_event,positive,research_confirmed,Banacos_2014,KMPV
SQCL-2006-03-15-KMPV,2006-03-15T06:24:00.000Z,2006-03-15T05:49:00.000Z,-35,pre_event,positive,research_confirmed,Banacos_2014,KMPV
SQCL-2006-03-15-KMPV,2006-03-15T06:24:00.000Z,2006-03-15T05:54:00.000Z,-30,pre_event,positive,research_confirmed,Banacos_2014,KMPV
SQCL-2006-03-15-KMPV,2006-03-15T06:24:00.000Z,2006-03-15T05:59:00.000Z,-25,pre_event,positive,research_confirmed,Banacos_2014,KMPV
SQCL-2006-03-15-KMPV,2006-03-15T06:24:00.000Z,2006-03-15T06:04:00.000Z,-20,pre_event,positive,research_confirmed,Banacos_2014,KMPV
SQCL-2006-03-15-KMPV,2006-03-15T06:24:00.000Z,2006-03-15T06:09:00.000Z,-15,pre_event,positive,research_confirmed,Banacos_2014,KMPV
SQCL-2006-03-15-KMPV,2006-03-15T06:24:00.000Z,2006-03-15T06:14:00.000Z,-10,pre_event,positive,research_confirmed,Banacos_2014,KMPV
SQCL-2006-03-15-KMPV,2006-03-15T06:24:00.000Z,2006-03-15T06:19:00.000Z,-5,pre_event,positive,research_confirmed,Banacos_2014,KMPV
SQCL-2006-03-15-KMPV,2006-03-15T06:24:00.000Z,2006-03-15T06:24:00.000Z,0,onset,positive,research_confirmed,Banacos_2014,KMPV
SQCL-2006-03-15-KMPV,2006-03-15T06:24:00.000Z,2006-03-15T06:29:00.000Z,5,post_event,positive,research_confirmed,Banacos_2014,KMPV
SQCL-2006-03-15-KMPV,2006-03-15T06:24:00.000Z,2006-03-15T06:34:00.000Z,10,post_event,positive,research_confirmed,Banacos_2014,KMPV
SQCL-2006-03-15-KMPV,2006-03-15T06:24:00.000Z,2006-03-15T06:39:00.000Z,15,post_event,positive,research_confirmed,Banacos_2014,KMPV
SQCL-2006-03-15-KMPV,2006-03-15T06:24:00.000Z,2006-03-15T06:44:00.000Z,20,post_event,positive,research_confirmed,Banacos_2014,KMPV
SQCL-2006-03-15-KMPV,2006-03-15T06:24:00.000Z,2006-03-15T06:49:00.000Z,25,post_event,positive,research_confirmed,Banacos_2014,KMPV
SQCL-2006-03-15-KMPV,2006-03-15T06:24:00.000Z,2006-03-15T06:54:00.000Z,30,post_event,positive,research_confirmed,Banacos_2014,KMPV
SQCL-2006-03-15-KMPV,2006-03-15T06:24:00.000Z,2006-03-15T06:59:00.000Z,35,post_event,positive,research_confirmed,Banacos_2014,KMPV
SQCL-2006-03-15-KMPV,2006-03-15T06:24:00.000Z,2006-03-15T07:04:00.000Z,40,post_event,positive,research_confirmed,Banacos_2014,KMPV
SQCL-2006-03-15-KMPV,2006-03-15T06:24:00.000Z,2006-03-15T07:09:00.000Z,45,post_event,positive,research_confirmed,Banacos_2014,KMPV
SQCL-2006-03-15-KMPV,2006-03-15T06:24:00.000Z,2006-03-15T07:14:00.000Z,50,post_event,positive,research_confirmed,Banacos_2014,KMPV
SQCL-2006-03-15-KMPV,2006-03-15T06:24:00.000Z,2006-03-15T07:19:00.000Z,55,post_event,positive,research_confirmed,Banacos_2014,KMPV
SQCL-2006-03-15-KMPV,2006-03-15T06:24:00.000Z,2006-03-15T07:24:00.000Z,60,post_event,positive,research_confirmed,Banacos_2014,KMPV
SQCL-2006-03-15-KMPV,2006-03-15T06:24:00.000Z,2006-03-15T07:29:00.000Z,65,post_event,positive,research_confirmed,Banacos_2014,KMPV
SQCL-2006-03-15-KMPV,2006-03-15T06:24:00.000Z,2006-03-15T07:34:00.000Z,70,post_event,positive,research_confirmed,Banacos_2014,KMPV
SQCL-2006-03-15-KMPV,2006-03-15T06:24:00.000Z,2006-03-15T07:39:00.000Z,75,post_event,positive,research_confirmed,Banacos_2014,KMPV
SQCL-2006-03-15-KMPV,2006-03-15T06:24:00.000Z,2006-03-15T07:44:00.000Z,80,post_event,positive,research_confirmed,Banacos_2014,KMPV
SQCL-2006-03-15-KMPV,2006-03-15T06:24:00.000Z,2006-03-15T07:49:00.000Z,85,post_event,positive,research_confirmed,Banacos_2014,KMPV
SQCL-2006-03-15-KMPV,2006-03-15T06:24:00.000Z,2006-03-15T07:54:00.000Z,90,post_event,positive,research_confirmed,Banacos_2014,KMPV
SQCL-2006-03-19-KMPV,2006-03-19T14:14:00.000Z,2006-03-19T13:14:00.000Z,-60,pre_event,positive,research_confirmed,Banacos_2014,KMPV
SQCL-2006-03-19-KMPV,2006-03-19T14:14:00.000Z,2006-03-19T13:19:00.000Z,-55,pre_event,positive,research_confirmed,Banacos_2014,KMPV
SQCL-2006-03-19-KMPV,2006-03-19T14:14:00.000Z,2006-03-19T13:24:00.000Z,-50,pre_event,positive,research_confirmed,Banacos_2014,KMPV
SQCL-2006-03-19-KMPV,2006-03-19T14:14:00.000Z,2006-03-19T13:29:00.000Z,-45,pre_event,positive,research_confirmed,Banacos_2014,KMPV
SQCL-2006-03-19-KMPV,2006-03-19T14:14:00.000Z,2006-03-19T13:34:00.000Z,-40,pre_event,positive,research_confirmed,Banacos_2014,KMPV
SQCL-2006-03-19-KMPV,2006-03-19T14:14:00.000Z,2006-03-19T13:39:00.000Z,-35,pre_event,positive,research_confirmed,Banacos_2014,KMPV
SQCL-2006-03-19-KMPV,2006-03-19T14:14:00.000Z,2006-03-19T13:44:00.000Z,-30,pre_event,positive,research_confirmed,Banacos_2014,KMPV
SQCL-2006-03-19-KMPV,2006-03-19T14:14:00.000Z,2006-03-19T13:49:00.000Z,-25,pre_event,positive,research_confirmed,Banacos_2014,KMPV
SQCL-2006-03-19-KMPV,2006-03-19T14:14:00.000Z,2006-03-19T13:54:00.000Z,-20,pre_event,positive,research_confirmed,Banacos_2014,KMPV
SQCL-2006-03-19-KMPV,2006-03-19T14:14:00.000Z,2006-03-19T13:59:00.000Z,-15,pre_event,positive,research_confirmed,Banacos_2014,KMPV
SQCL-2006-03-19-KMPV,2006-03-19T14:14:00.000Z,2006-03-19T14:04:00.000Z,-10,pre_event,positive,research_confirmed,Banacos_2014,KMPV
SQCL-2006-03-19-KMPV,2006-03-19T14:14:00.000Z,2006-03-19T14:09:00.000Z,-5,pre_event,positive,research_confirmed,Banacos_2014,KMPV
SQCL-2006-03-19-KMPV,2006-03-19T14:14:00.000Z,2006-03-19T14:14:00.000Z,0,onset,positive,research_confirmed,Banacos_2014,KMPV
SQCL-2006-03-19-KMPV,2006-03-19T14:14:00.000Z,2006-03-19T14:19:00.000Z,5,post_event,positive,research_confirmed,Banacos_2014,KMPV
SQCL-2006-03-19-KMPV,2006-03-19T14:14:00.000Z,2006-03-19T14:24:00.000Z,10,post_event,positive,research_confirmed,Banacos_2014,KMPV
SQCL-2006-03-19-KMPV,2006-03-19T14:14:00.000Z,2006-03-19T14:29:00.000Z,15,post_event,positive,research_confirmed,Banacos_2014,KMPV
SQCL-2006-03-19-KMPV,2006-03-19T14:14:00.000Z,2006-03-19T14:34:00.000Z,20,post_event,positive,research_confirmed,Banacos_2014,KMPV
SQCL-2006-03-19-KMPV,2006-03-19T14:14:00.000Z,2006-03-19T14:39:00.000Z,25,post_event,positive,research_confirmed,Banacos_2014,KMPV
SQCL-2006-03-19-KMPV,2006-03-19T14:14:00.000Z,2006-03-19T14:44:00.000Z,30,post_event,positive,research_confirmed,Banacos_2014,KMPV
SQCL-2006-03-19-KMPV,2006-03-19T14:14:00.000Z,2006-03-19T14:49:00.000Z,35,post_event,positive,research_confirmed,Banacos_2014,KMPV
SQCL-2006-03-19-KMPV,2006-03-19T14:14:00.000Z,2006-03-19T14:54:00.000Z,40,post_event,positive,research_confirmed,Banacos_2014,KMPV
SQCL-2006-03-19-KMPV,2006-03-19T14:14:00.000Z,2006-03-19T14:59:00.000Z,45,post_event,positive,research_confirmed,Banacos_2014,KMPV
SQCL-2006-03-19-KMPV,2006-03-19T14:14:00.000Z,2006-03-19T15:04:00.000Z,50,post_event,positive,research_confirmed,Banacos_2014,KMPV
SQCL-2006-03-19-KMPV,2006-03-19T14:14:00.000Z,2006-03-19T15:09:00.000Z,55,post_event,positive,research_confirmed,Banacos_2014,KMPV
SQCL-2006-03-19-KMPV,2006-03-19T14:14:00.000Z,2006-03-19T15:14:00.000Z,60,post_event,positive,research_confirmed,Banacos_2014,KMPV
SQCL-2006-03-19-KMPV,2006-03-19T14:14:00.000Z,2006-03-19T15:19:00.000Z,65,post_event,positive,research_confirmed,Banacos_2014,KMPV
SQCL-2006-03-19-KMPV,2006-03-19T14:14:00.000Z,2006-03-19T15:24:00.000Z,70,post_event,positive,research_confirmed,Banacos_2014,KMPV
SQCL-2006-03-19-KMPV,2006-03-19T14:14:00.000Z,2006-03-19T15:29:00.000Z,75,post_event,positive,research_confirmed,Banacos_2014,KMPV
SQCL-2006-03-19-KMPV,2006-03-19T14:14:00.000Z,2006-03-19T15:34:00.000Z,80,post_event,positive,research_confirmed,Banacos_2014,KMPV
SQCL-2006-03-19-KMPV,2006-03-19T14:14:00.000Z,2006-03-19T15:39:00.000Z,85,post_event,positive,research_confirmed,Banacos_2014,KMPV
SQCL-2006-03-19-KMPV,2006-03-19T14:14:00.000Z,2006-03-19T15:44:00.000Z,90,post_event,positive,research_confirmed,Banacos_2014,KMPV
SQCL-2007-01-10-KBTV,2007-01-10T14:10:00.000Z,2007-01-10T13:10:00.000Z,-60,pre_event,positive,research_confirmed,Banacos_2014,KBTV
SQCL-2007-01-10-KBTV,2007-01-10T14:10:00.000Z,2007-01-10T13:15:00.000Z,-55,pre_event,positive,research_confirmed,Banacos_2014,KBTV
SQCL-2007-01-10-KBTV,2007-01-10T14:10:00.000Z,2007-01-10T13:20:00.000Z,-50,pre_event,positive,research_confirmed,Banacos_2014,KBTV
SQCL-2007-01-10-KBTV,2007-01-10T14:10:00.000Z,2007-01-10T13:25:00.000Z,-45,pre_event,positive,research_confirmed,Banacos_2014,KBTV
SQCL-2007-01-10-KBTV,2007-01-10T14:10:00.000Z,2007-01-10T13:30:00.000Z,-40,pre_event,positive,research_confirmed,Banacos_2014,KBTV
SQCL-2007-01-10-KBTV,2007-01-10T14:10:00.000Z,2007-01-10T13:35:00.000Z,-35,pre_event,positive,research_confirmed,Banacos_2014,KBTV
SQCL-2007-01-10-KBTV,2007-01-10T14:10:00.000Z,2007-01-10T13:40:00.000Z,-30,pre_event,positive,research_confirmed,Banacos_2014,KBTV
SQCL-2007-01-10-KBTV,2007-01-10T14:10:00.000Z,2007-01-10T13:45:00.000Z,-25,pre_event,positive,research_confirmed,Banacos_2014,KBTV
SQCL-2007-01-10-KBTV,2007-01-10T14:10:00.000Z,2007-01-10T13:50:00.000Z,-20,pre_event,positive,research_confirmed,Banacos_2014,KBTV
SQCL-2007-01-10-KBTV,2007-01-10T14:10:00.000Z,2007-01-10T13:55:00.000Z,-15,pre_event,positive,research_confirmed,Banacos_2014,KBTV
SQCL-2007-01-10-KBTV,2007-01-10T14:10:00.000Z,2007-01-10T14:00:00.000Z,-10,pre_event,positive,research_confirmed,Banacos_2014,KBTV
SQCL-2007-01-10-KBTV,2007-01-10T14:10:00.000Z,2007-01-10T14:05:00.000Z,-5,pre_event,positive,research_confirmed,Banacos_2014,KBTV
SQCL-2007-01-10-KBTV,2007-01-10T14:10:00.000Z,2007-01-10T14:10:00.000Z,0,onset,positive,research_confirmed,Banacos_2014,KBTV
SQCL-2007-01-10-KBTV,2007-01-10T14:10:00.000Z,2007-01-10T14:15:00.000Z,5,post_event,positive,research_confirmed,Banacos_2014,KBTV
SQCL-2007-01-10-KBTV,2007-01-10T14:10:00.000Z,2007-01-10T14:20:00.000Z,10,post_event,positive,research_confirmed,Banacos_2014,KBTV
SQCL-2007-01-10-KBTV,2007-01-10T14:10:00.000Z,2007-01-10T14:25:00.000Z,15,post_event,positive,research_confirmed,Banacos_2014,KBTV
SQCL-2007-01-10-KBTV,2007-01-10T14:10:00.000Z,2007-01-10T14:30:00.000Z,20,post_event,positive,research_confirmed,Banacos_2014,KBTV
SQCL-2007-01-10-KBTV,2007-01-10T14:10:00.000Z,2007-01-10T14:35:00.000Z,25,post_event,positive,research_confirmed,Banacos_2014,KBTV
SQCL-2007-01-10-KBTV,2007-01-10T14:10:00.000Z,2007-01-10T14:40:00.000Z,30,post_event,positive,research_confirmed,Banacos_2014,KBTV
SQCL-2007-01-10-KBTV,2007-01-10T14:10:00.000Z,2007-01-10T14:45:00.000Z,35,post_event,positive,research_confirmed,Banacos_2014,KBTV
SQCL-2007-01-10-KBTV,2007-01-10T14:10:00.000Z,2007-01-10T14:50:00.000Z,40,post_event,positive,research_confirmed,Banacos_2014,KBTV
SQCL-2007-01-10-KBTV,2007-01-10T14:10:00.000Z,2007-01-10T14:55:00.000Z,45,post_event,positive,research_confirmed,Banacos_2014,KBTV
SQCL-2007-01-10-KBTV,2007-01-10T14:10:00.000Z,2007-01-10T15:00:00.000Z,50,post_event,positive,research_confirmed,Banacos_2014,KBTV
SQCL-2007-01-10-KBTV,2007-01-10T14:10:00.000Z,2007-01-10T15:05:00.000Z,55,post_event,positive,research_confirmed,Banacos_2014,KBTV
SQCL-2007-01-10-KBTV,2007-01-10T14:10:00.000Z,2007-01-10T15:10:00.000Z,60,post_event,positive,research_confirmed,Banacos_2014,KBTV
SQCL-2007-01-10-KBTV,2007-01-10T14:10:00.000Z,2007-01-10T15:15:00.000Z,65,post_event,positive,research_confirmed,Banacos_2014,KBTV
SQCL-2007-01-10-KBTV,2007-01-10T14:10:00.000Z,2007-01-10T15:20:00.000Z,70,post_event,positive,research_confirmed,Banacos_2014,KBTV
SQCL-2007-01-10-KBTV,2007-01-10T14:10:00.000Z,2007-01-10T15:25:00.000Z,75,post_event,positive,research_confirmed,Banacos_2014,KBTV
SQCL-2007-01-10-KBTV,2007-01-10T14:10:00.000Z,2007-01-10T15:30:00.000Z,80,post_event,positive,research_confirmed,Banacos_2014,KBTV
SQCL-2007-01-10-KBTV,2007-01-10T14:10:00.000Z,2007-01-10T15:35:00.000Z,85,post_event,positive,research_confirmed,Banacos_2014,KBTV
SQCL-2007-01-10-KBTV,2007-01-10T14:10:00.000Z,2007-01-10T15:40:00.000Z,90,post_event,positive,research_confirmed,Banacos_2014,KBTV
SQCL-2007-01-24-KMPV,2007-01-24T13:48:00.000Z,2007-01-24T12:48:00.000Z,-60,pre_event,positive,research_confirmed,Banacos_2014,KMPV
SQCL-2007-01-24-KMPV,2007-01-24T13:48:00.000Z,2007-01-24T12:53:00.000Z,-55,pre_event,positive,research_confirmed,Banacos_2014,KMPV
SQCL-2007-01-24-KMPV,2007-01-24T13:48:00.000Z,2007-01-24T12:58:00.000Z,-50,pre_event,positive,research_confirmed,Banacos_2014,KMPV
SQCL-2007-01-24-KMPV,2007-01-24T13:48:00.000Z,2007-01-24T13:03:00.000Z,-45,pre_event,positive,research_confirmed,Banacos_2014,KMPV
SQCL-2007-01-24-KMPV,2007-01-24T13:48:00.000Z,2007-01-24T13:08:00.000Z,-40,pre_event,positive,research_confirmed,Banacos_2014,KMPV
SQCL-2007-01-24-KMPV,2007-01-24T13:48:00.000Z,2007-01-24T13:13:00.000Z,-35,pre_event,positive,research_confirmed,Banacos_2014,KMPV
SQCL-2007-01-24-KMPV,2007-01-24T13:48:00.000Z,2007-01-24T13:18:00.000Z,-30,pre_event,positive,research_confirmed,Banacos_2014,KMPV
SQCL-2007-01-24-KMPV,2007-01-24T13:48:00.000Z,2007-01-24T13:23:00.000Z,-25,pre_event,positive,research_confirmed,Banacos_2014,KMPV
SQCL-2007-01-24-KMPV,2007-01-24T13:48:00.000Z,2007-01-24T13:28:00.000Z,-20,pre_event,positive,research_confirmed,Banacos_2014,KMPV
SQCL-2007-01-24-KMPV,2007-01-24T13:48:00.000Z,2007-01-24T13:33:00.000Z,-15,pre_event,positive,research_confirmed,Banacos_2014,KMPV
SQCL-2007-01-24-KMPV,2007-01-24T13:48:00.000Z,2007-01-24T13:38:00.000Z,-10,pre_event,positive,research_confirmed,Banacos_2014,KMPV
SQCL-2007-01-24-KMPV,2007-01-24T13:48:00.000Z,2007-01-24T13:43:00.000Z,-5,pre_event,positive,research_confirmed,Banacos_2014,KMPV
SQCL-2007-01-24-KMPV,2007-01-24T13:48:00.000Z,2007-01-24T13:48:00.000Z,0,onset,positive,research_confirmed,Banacos_2014,KMPV
SQCL-2007-01-24-KMPV,2007-01-24T13:48:00.000Z,2007-01-24T13:53:00.000Z,5,post_event,positive,research_confirmed,Banacos_2014,KMPV
SQCL-2007-01-24-KMPV,2007-01-24T13:48:00.000Z,2007-01-24T13:58:00.000Z,10,post_event,positive,research_confirmed,Banacos_2014,KMPV
SQCL-2007-01-24-KMPV,2007-01-24T13:48:00.000Z,2007-01-24T14:03:00.000Z,15,post_event,positive,research_confirmed,Banacos_2014,KMPV
SQCL-2007-01-24-KMPV,2007-01-24T13:48:00.000Z,2007-01-24T14:08:00.000Z,20,post_event,positive,research_confirmed,Banacos_2014,KMPV
SQCL-2007-01-24-KMPV,2007-01-24T13:48:00.000Z,2007-01-24T14:13:00.000Z,25,post_event,positive,research_confirmed,Banacos_2014,KMPV
SQCL-2007-01-24-KMPV,2007-01-24T13:48:00.000Z,2007-01-24T14:18:00.000Z,30,post_event,positive,research_confirmed,Banacos_2014,KMPV
SQCL-2007-01-24-KMPV,2007-01-24T13:48:00.000Z,2007-01-24T14:23:00.000Z,35,post_event,positive,research_confirmed,Banacos_2014,KMPV
SQCL-2007-01-24-KMPV,2007-01-24T13:48:00.000Z,2007-01-24T14:28:00.000Z,40,post_event,positive,research_confirmed,Banacos_2014,KMPV
SQCL-2007-01-24-KMPV,2007-01-24T13:48:00.000Z,2007-01-24T14:33:00.000Z,45,post_event,positive,research_confirmed,Banacos_2014,KMPV
SQCL-2007-01-24-KMPV,2007-01-24T13:48:00.000Z,2007-01-24T14:38:00.000Z,50,post_event,positive,research_confirmed,Banacos_2014,KMPV
SQCL-2007-01-24-KMPV,2007-01-24T13:48:00.000Z,2007-01-24T14:43:00.000Z,55,post_event,positive,research_confirmed,Banacos_2014,KMPV
SQCL-2007-01-24-KMPV,2007-01-24T13:48:00.000Z,2007-01-24T14:48:00.000Z,60,post_event,positive,research_confirmed,Banacos_2014,KMPV
SQCL-2007-01-24-KMPV,2007-01-24T13:48:00.000Z,2007-01-24T14:53:00.000Z,65,post_event,positive,research_confirmed,Banacos_2014,KMPV
SQCL-2007-01-24-KMPV,2007-01-24T13:48:00.000Z,2007-01-24T14:58:00.000Z,70,post_event,positive,research_confirmed,Banacos_2014,KMPV
SQCL-2007-01-24-KMPV,2007-01-24T13:48:00.000Z,2007-01-24T15:03:00.000Z,75,post_event,positive,research_confirmed,Banacos_2014,KMPV
SQCL-2007-01-24-KMPV,2007-01-24T13:48:00.000Z,2007-01-24T15:08:00.000Z,80,post_event,positive,research_confirmed,Banacos_2014,KMPV
SQCL-2007-01-24-KMPV,2007-01-24T13:48:00.000Z,2007-01-24T15:13:00.000Z,85,post_event,positive,research_confirmed,Banacos_2014,KMPV
SQCL-2007-01-24-KMPV,2007-01-24T13:48:00.000Z,2007-01-24T15:18:00.000Z,90,post_event,positive,research_confirmed,Banacos_2014,KMPV
SQCL-2007-02-05-KMPV,2007-02-05T15:34:00.000Z,2007-02-05T14:34:00.000Z,-60,pre_event,positive,research_confirmed,Banacos_2014,KMPV
SQCL-2007-02-05-KMPV,2007-02-05T15:34:00.000Z,2007-02-05T14:39:00.000Z,-55,pre_event,positive,research_confirmed,Banacos_2014,KMPV
SQCL-2007-02-05-KMPV,2007-02-05T15:34:00.000Z,2007-02-05T14:44:00.000Z,-50,pre_event,positive,research_confirmed,Banacos_2014,KMPV
SQCL-2007-02-05-KMPV,2007-02-05T15:34:00.000Z,2007-02-05T14:49:00.000Z,-45,pre_event,positive,research_confirmed,Banacos_2014,KMPV
SQCL-2007-02-05-KMPV,2007-02-05T15:34:00.000Z,2007-02-05T14:54:00.000Z,-40,pre_event,positive,research_confirmed,Banacos_2014,KMPV
SQCL-2007-02-05-KMPV,2007-02-05T15:34:00.000Z,2007-02-05T14:59:00.000Z,-35,pre_event,positive,research_confirmed,Banacos_2014,KMPV
SQCL-2007-02-05-KMPV,2007-02-05T15:34:00.000Z,2007-02-05T15:04:00.000Z,-30,pre_event,positive,research_confirmed,Banacos_2014,KMPV
SQCL-2007-02-05-KMPV,2007-02-05T15:34:00.000Z,2007-02-05T15:09:00.000Z,-25,pre_event,positive,research_confirmed,Banacos_2014,KMPV
SQCL-2007-02-05-KMPV,2007-02-05T15:34:00.000Z,2007-02-05T15:14:00.000Z,-20,pre_event,positive,research_confirmed,Banacos_2014,KMPV
SQCL-2007-02-05-KMPV,2007-02-05T15:34:00.000Z,2007-02-05T15:19:00.000Z,-15,pre_event,positive,research_confirmed,Banacos_2014,KMPV
SQCL-2007-02-05-KMPV,2007-02-05T15:34:00.000Z,2007-02-05T15:24:00.000Z,-10,pre_event,positive,research_confirmed,Banacos_2014,KMPV
SQCL-2007-02-05-KMPV,2007-02-05T15:34:00.000Z,2007-02-05T15:29:00.000Z,-5,pre_event,positive,research_confirmed,Banacos_2014,KMPV
SQCL-2007-02-05-KMPV,2007-02-05T15:34:00.000Z,2007-02-05T15:34:00.000Z,0,onset,positive,research_confirmed,Banacos_2014,KMPV
SQCL-2007-02-05-KMPV,2007-02-05T15:34:00.000Z,2007-02-05T15:39:00.000Z,5,post_event,positive,research_confirmed,Banacos_2014,KMPV
SQCL-2007-02-05-KMPV,2007-02-05T15:34:00.000Z,2007-02-05T15:44:00.000Z,10,post_event,positive,research_confirmed,Banacos_2014,KMPV
SQCL-2007-02-05-KMPV,2007-02-05T15:34:00.000Z,2007-02-05T15:49:00.000Z,15,post_event,positive,research_confirmed,Banacos_2014,KMPV
SQCL-2007-02-05-KMPV,2007-02-05T15:34:00.000Z,2007-02-05T15:54:00.000Z,20,post_event,positive,research_confirmed,Banacos_2014,KMPV
SQCL-2007-02-05-KMPV,2007-02-05T15:34:00.000Z,2007-02-05T15:59:00.000Z,25,post_event,positive,research_confirmed,Banacos_2014,KMPV
SQCL-2007-02-05-KMPV,2007-02-05T15:34:00.000Z,2007-02-05T16:04:00.000Z,30,post_event,positive,research_confirmed,Banacos_2014,KMPV
SQCL-2007-02-05-KMPV,2007-02-05T15:34:00.000Z,2007-02-05T16:09:00.000Z,35,post_event,positive,research_confirmed,Banacos_2014,KMPV
SQCL-2007-02-05-KMPV,2007-02-05T15:34:00.000Z,2007-02-05T16:14:00.000Z,40,post_event,positive,research_confirmed,Banacos_2014,KMPV
SQCL-2007-02-05-KMPV,2007-02-05T15:34:00.000Z,2007-02-05T16:19:00.000Z,45,post_event,positive,research_confirmed,Banacos_2014,KMPV
SQCL-2007-02-05-KMPV,2007-02-05T15:34:00.000Z,2007-02-05T16:24:00.000Z,50,post_event,positive,research_confirmed,Banacos_2014,KMPV
SQCL-2007-02-05-KMPV,2007-02-05T15:34:00.000Z,2007-02-05T16:29:00.000Z,55,post_event,positive,research_confirmed,Banacos_2014,KMPV
SQCL-2007-02-05-KMPV,2007-02-05T15:34:00.000Z,2007-02-05T16:34:00.000Z,60,post_event,positive,research_confirmed,Banacos_2014,KMPV
SQCL-2007-02-05-KMPV,2007-02-05T15:34:00.000Z,2007-02-05T16:39:00.000Z,65,post_event,positive,research_confirmed,Banacos_2014,KMPV
SQCL-2007-02-05-KMPV,2007-02-05T15:34:00.000Z,2007-02-05T16:44:00.000Z,70,post_event,positive,research_confirmed,Banacos_2014,KMPV
SQCL-2007-02-05-KMPV,2007-02-05T15:34:00.000Z,2007-02-05T16:49:00.000Z,75,post_event,positive,research_confirmed,Banacos_2014,KMPV
SQCL-2007-02-05-KMPV,2007-02-05T15:34:00.000Z,2007-02-05T16:54:00.000Z,80,post_event,positive,research_confirmed,Banacos_2014,KMPV
SQCL-2007-02-05-KMPV,2007-02-05T15:34:00.000Z,2007-02-05T16:59:00.000Z,85,post_event,positive,research_confirmed,Banacos_2014,KMPV
SQCL-2007-02-05-KMPV,2007-02-05T15:34:00.000Z,2007-02-05T17:04:00.000Z,90,post_event,positive,research_confirmed,Banacos_2014,KMPV
SQCL-2007-02-09-KBTV,2007-02-09T07:28:00.000Z,2007-02-09T06:28:00.000Z,-60,pre_event,positive,research_confirmed,Banacos_2014,KBTV
SQCL-2007-02-09-KBTV,2007-02-09T07:28:00.000Z,2007-02-09T06:33:00.000Z,-55,pre_event,positive,research_confirmed,Banacos_2014,KBTV
SQCL-2007-02-09-KBTV,2007-02-09T07:28:00.000Z,2007-02-09T06:38:00.000Z,-50,pre_event,positive,research_confirmed,Banacos_2014,KBTV
SQCL-2007-02-09-KBTV,2007-02-09T07:28:00.000Z,2007-02-09T06:43:00.000Z,-45,pre_event,positive,research_confirmed,Banacos_2014,KBTV
SQCL-2007-02-09-KBTV,2007-02-09T07:28:00.000Z,2007-02-09T06:48:00.000Z,-40,pre_event,positive,research_confirmed,Banacos_2014,KBTV
SQCL-2007-02-09-KBTV,2007-02-09T07:28:00.000Z,2007-02-09T06:53:00.000Z,-35,pre_event,positive,research_confirmed,Banacos_2014,KBTV
SQCL-2007-02-09-KBTV,2007-02-09T07:28:00.000Z,2007-02-09T06:58:00.000Z,-30,pre_event,positive,research_confirmed,Banacos_2014,KBTV
SQCL-2007-02-09-KBTV,2007-02-09T07:28:00.000Z,2007-02-09T07:03:00.000Z,-25,pre_event,positive,research_confirmed,Banacos_2014,KBTV
SQCL-2007-02-09-KBTV,2007-02-09T07:28:00.000Z,2007-02-09T07:08:00.000Z,-20,pre_event,positive,research_confirmed,Banacos_2014,KBTV
SQCL-2007-02-09-KBTV,2007-02-09T07:28:00.000Z,2007-02-09T07:13:00.000Z,-15,pre_event,positive,research_confirmed,Banacos_2014,KBTV
SQCL-2007-02-09-KBTV,2007-02-09T07:28:00.000Z,2007-02-09T07:18:00.000Z,-10,pre_event,positive,research_confirmed,Banacos_2014,KBTV
SQCL-2007-02-09-KBTV,2007-02-09T07:28:00.000Z,2007-02-09T07:23:00.000Z,-5,pre_event,positive,research_confirmed,Banacos_2014,KBTV
SQCL-2007-02-09-KBTV,2007-02-09T07:28:00.000Z,2007-02-09T07:28:00.000Z,0,onset,positive,research_confirmed,Banacos_2014,KBTV
SQCL-2007-02-09-KBTV,2007-02-09T07:28:00.000Z,2007-02-09T07:33:00.000Z,5,post_event,positive,research_confirmed,Banacos_2014,KBTV
SQCL-2007-02-09-KBTV,2007-02-09T07:28:00.000Z,2007-02-09T07:38:00.000Z,10,post_event,positive,research_confirmed,Banacos_2014,KBTV
SQCL-2007-02-09-KBTV,2007-02-09T07:28:00.000Z,2007-02-09T07:43:00.000Z,15,post_event,positive,research_confirmed,Banacos_2014,KBTV
SQCL-2007-02-09-KBTV,2007-02-09T07:28:00.000Z,2007-02-09T07:48:00.000Z,20,post_event,positive,research_confirmed,Banacos_2014,KBTV
SQCL-2007-02-09-KBTV,2007-02-09T07:28:00.000Z,2007-02-09T07:53:00.000Z,25,post_event,positive,research_confirmed,Banacos_2014,KBTV
SQCL-2007-02-09-KBTV,2007-02-09T07:28:00.000Z,2007-02-09T07:58:00.000Z,30,post_event,positive,research_confirmed,Banacos_2014,KBTV
SQCL-2007-02-09-KBTV,2007-02-09T07:28:00.000Z,2007-02-09T08:03:00.000Z,35,post_event,positive,research_confirmed,Banacos_2014,KBTV
SQCL-2007-02-09-KBTV,2007-02-09T07:28:00.000Z,2007-02-09T08:08:00.000Z,40,post_event,positive,research_confirmed,Banacos_2014,KBTV
SQCL-2007-02-09-KBTV,2007-02-09T07:28:00.000Z,2007-02-09T08:13:00.000Z,45,post_event,positive,research_confirmed,Banacos_2014,KBTV
SQCL-2007-02-09-KBTV,2007-02-09T07:28:00.000Z,2007-02-09T08:18:00.000Z,50,post_event,positive,research_confirmed,Banacos_2014,KBTV
SQCL-2007-02-09-KBTV,2007-02-09T07:28:00.000Z,2007-02-09T08:23:00.000Z,55,post_event,positive,research_confirmed,Banacos_2014,KBTV
SQCL-2007-02-09-KBTV,2007-02-09T07:28:00.000Z,2007-02-09T08:28:00.000Z,60,post_event,positive,research_confirmed,Banacos_2014,KBTV
SQCL-2007-02-09-KBTV,2007-02-09T07:28:00.000Z,2007-02-09T08:33:00.000Z,65,post_event,positive,research_confirmed,Banacos_2014,KBTV
SQCL-2007-02-09-KBTV,2007-02-09T07:28:00.000Z,2007-02-09T08:38:00.000Z,70,post_event,positive,research_confirmed,Banacos_2014,KBTV
SQCL-2007-02-09-KBTV,2007-02-09T07:28:00.000Z,2007-02-09T08:43:00.000Z,75,post_event,positive,research_confirmed,Banacos_2014,KBTV
SQCL-2007-02-09-KBTV,2007-02-09T07:28:00.000Z,2007-02-09T08:48:00.000Z,80,post_event,positive,research_confirmed,Banacos_2014,KBTV
SQCL-2007-02-09-KBTV,2007-02-09T07:28:00.000Z,2007-02-09T08:53:00.000Z,85,post_event,positive,research_confirmed,Banacos_2014,KBTV
SQCL-2007-02-09-KBTV,2007-02-09T07:28:00.000Z,2007-02-09T08:58:00.000Z,90,post_event,positive,research_confirmed,Banacos_2014,KBTV
SQCL-2007-03-05-KMPV,2007-03-05T17:42:00.000Z,2007-03-05T16:42:00.000Z,-60,pre_event,positive,research_confirmed,Banacos_2014,KMPV
SQCL-2007-03-05-KMPV,2007-03-05T17:42:00.000Z,2007-03-05T16:47:00.000Z,-55,pre_event,positive,research_confirmed,Banacos_2014,KMPV
SQCL-2007-03-05-KMPV,2007-03-05T17:42:00.000Z,2007-03-05T16:52:00.000Z,-50,pre_event,positive,research_confirmed,Banacos_2014,KMPV
SQCL-2007-03-05-KMPV,2007-03-05T17:42:00.000Z,2007-03-05T16:57:00.000Z,-45,pre_event,positive,research_confirmed,Banacos_2014,KMPV
SQCL-2007-03-05-KMPV,2007-03-05T17:42:00.000Z,2007-03-05T17:02:00.000Z,-40,pre_event,positive,research_confirmed,Banacos_2014,KMPV
SQCL-2007-03-05-KMPV,2007-03-05T17:42:00.000Z,2007-03-05T17:07:00.000Z,-35,pre_event,positive,research_confirmed,Banacos_2014,KMPV
SQCL-2007-03-05-KMPV,2007-03-05T17:42:00.000Z,2007-03-05T17:12:00.000Z,-30,pre_event,positive,research_confirmed,Banacos_2014,KMPV
SQCL-2007-03-05-KMPV,2007-03-05T17:42:00.000Z,2007-03-05T17:17:00.000Z,-25,pre_event,positive,research_confirmed,Banacos_2014,KMPV
SQCL-2007-03-05-KMPV,2007-03-05T17:42:00.000Z,2007-03-05T17:22:00.000Z,-20,pre_event,positive,research_confirmed,Banacos_2014,KMPV
SQCL-2007-03-05-KMPV,2007-03-05T17:42:00.000Z,2007-03-05T17:27:00.000Z,-15,pre_event,positive,research_confirmed,Banacos_2014,KMPV
SQCL-2007-03-05-KMPV,2007-03-05T17:42:00.000Z,2007-03-05T17:32:00.000Z,-10,pre_event,positive,research_confirmed,Banacos_2014,KMPV
SQCL-2007-03-05-KMPV,2007-03-05T17:42:00.000Z,2007-03-05T17:37:00.000Z,-5,pre_event,positive,research_confirmed,Banacos_2014,KMPV
SQCL-2007-03-05-KMPV,2007-03-05T17:42:00.000Z,2007-03-05T17:42:00.000Z,0,onset,positive,research_confirmed,Banacos_2014,KMPV
SQCL-2007-03-05-KMPV,2007-03-05T17:42:00.000Z,2007-03-05T17:47:00.000Z,5,post_event,positive,research_confirmed,Banacos_2014,KMPV
SQCL-2007-03-05-KMPV,2007-03-05T17:42:00.000Z,2007-03-05T17:52:00.000Z,10,post_event,positive,research_confirmed,Banacos_2014,KMPV
SQCL-2007-03-05-KMPV,2007-03-05T17:42:00.000Z,2007-03-05T17:57:00.000Z,15,post_event,positive,research_confirmed,Banacos_2014,KMPV
SQCL-2007-03-05-KMPV,2007-03-05T17:42:00.000Z,2007-03-05T18:02:00.000Z,20,post_event,positive,research_confirmed,Banacos_2014,KMPV
SQCL-2007-03-05-KMPV,2007-03-05T17:42:00.000Z,2007-03-05T18:07:00.000Z,25,post_event,positive,research_confirmed,Banacos_2014,KMPV
SQCL-2007-03-05-KMPV,2007-03-05T17:42:00.000Z,2007-03-05T18:12:00.000Z,30,post_event,positive,research_confirmed,Banacos_2014,KMPV
SQCL-2007-03-05-KMPV,2007-03-05T17:42:00.000Z,2007-03-05T18:17:00.000Z,35,post_event,positive,research_confirmed,Banacos_2014,KMPV
SQCL-2007-03-05-KMPV,2007-03-05T17:42:00.000Z,2007-03-05T18:22:00.000Z,40,post_event,positive,research_confirmed,Banacos_2014,KMPV
SQCL-2007-03-05-KMPV,2007-03-05T17:42:00.000Z,2007-03-05T18:27:00.000Z,45,post_event,positive,research_confirmed,Banacos_2014,KMPV
SQCL-2007-03-05-KMPV,2007-03-05T17:42:00.000Z,2007-03-05T18:32:00.000Z,50,post_event,positive,research_confirmed,Banacos_2014,KMPV
SQCL-2007-03-05-KMPV,2007-03-05T17:42:00.000Z,2007-03-05T18:37:00.000Z,55,post_event,positive,research_confirmed,Banacos_2014,KMPV
SQCL-2007-03-05-KMPV,2007-03-05T17:42:00.000Z,2007-03-05T18:42:00.000Z,60,post_event,positive,research_confirmed,Banacos_2014,KMPV
SQCL-2007-03-05-KMPV,2007-03-05T17:42:00.000Z,2007-03-05T18:47:00.000Z,65,post_event,positive,research_confirmed,Banacos_2014,KMPV
SQCL-2007-03-05-KMPV,2007-03-05T17:42:00.000Z,2007-03-05T18:52:00.000Z,70,post_event,positive,research_confirmed,Banacos_2014,KMPV
SQCL-2007-03-05-KMPV,2007-03-05T17:42:00.000Z,2007-03-05T18:57:00.000Z,75,post_event,positive,research_confirmed,Banacos_2014,KMPV
SQCL-2007-03-05-KMPV,2007-03-05T17:42:00.000Z,2007-03-05T19:02:00.000Z,80,post_event,positive,research_confirmed,Banacos_2014,KMPV
SQCL-2007-03-05-KMPV,2007-03-05T17:42:00.000Z,2007-03-05T19:07:00.000Z,85,post_event,positive,research_confirmed,Banacos_2014,KMPV
SQCL-2007-03-05-KMPV,2007-03-05T17:42:00.000Z,2007-03-05T19:12:00.000Z,90,post_event,positive,research_confirmed,Banacos_2014,KMPV
SQCL-2007-11-30-KMSS,2007-11-30T21:28:00.000Z,2007-11-30T20:28:00.000Z,-60,pre_event,positive,research_confirmed,Banacos_2014,KMSS
SQCL-2007-11-30-KMSS,2007-11-30T21:28:00.000Z,2007-11-30T20:33:00.000Z,-55,pre_event,positive,research_confirmed,Banacos_2014,KMSS
SQCL-2007-11-30-KMSS,2007-11-30T21:28:00.000Z,2007-11-30T20:38:00.000Z,-50,pre_event,positive,research_confirmed,Banacos_2014,KMSS
SQCL-2007-11-30-KMSS,2007-11-30T21:28:00.000Z,2007-11-30T20:43:00.000Z,-45,pre_event,positive,research_confirmed,Banacos_2014,KMSS
SQCL-2007-11-30-KMSS,2007-11-30T21:28:00.000Z,2007-11-30T20:48:00.000Z,-40,pre_event,positive,research_confirmed,Banacos_2014,KMSS
SQCL-2007-11-30-KMSS,2007-11-30T21:28:00.000Z,2007-11-30T20:53:00.000Z,-35,pre_event,positive,research_confirmed,Banacos_2014,KMSS
SQCL-2007-11-30-KMSS,2007-11-30T21:28:00.000Z,2007-11-30T20:58:00.000Z,-30,pre_event,positive,research_confirmed,Banacos_2014,KMSS
SQCL-2007-11-30-KMSS,2007-11-30T21:28:00.000Z,2007-11-30T21:03:00.000Z,-25,pre_event,positive,research_confirmed,Banacos_2014,KMSS
SQCL-2007-11-30-KMSS,2007-11-30T21:28:00.000Z,2007-11-30T21:08:00.000Z,-20,pre_event,positive,research_confirmed,Banacos_2014,KMSS
SQCL-2007-11-30-KMSS,2007-11-30T21:28:00.000Z,2007-11-30T21:13:00.000Z,-15,pre_event,positive,research_confirmed,Banacos_2014,KMSS
SQCL-2007-11-30-KMSS,2007-11-30T21:28:00.000Z,2007-11-30T21:18:00.000Z,-10,pre_event,positive,research_confirmed,Banacos_2014,KMSS
SQCL-2007-11-30-KMSS,2007-11-30T21:28:00.000Z,2007-11-30T21:23:00.000Z,-5,pre_event,positive,research_confirmed,Banacos_2014,KMSS
SQCL-2007-11-30-KMSS,2007-11-30T21:28:00.000Z,2007-11-30T21:28:00.000Z,0,onset,positive,research_confirmed,Banacos_2014,KMSS
SQCL-2007-11-30-KMSS,2007-11-30T21:28:00.000Z,2007-11-30T21:33:00.000Z,5,post_event,positive,research_confirmed,Banacos_2014,KMSS
SQCL-2007-11-30-KMSS,2007-11-30T21:28:00.000Z,2007-11-30T21:38:00.000Z,10,post_event,positive,research_confirmed,Banacos_2014,KMSS
SQCL-2007-11-30-KMSS,2007-11-30T21:28:00.000Z,2007-11-30T21:43:00.000Z,15,post_event,positive,research_confirmed,Banacos_2014,KMSS
SQCL-2007-11-30-KMSS,2007-11-30T21:28:00.000Z,2007-11-30T21:48:00.000Z,20,post_event,positive,research_confirmed,Banacos_2014,KMSS
SQCL-2007-11-30-KMSS,2007-11-30T21:28:00.000Z,2007-11-30T21:53:00.000Z,25,post_event,positive,research_confirmed,Banacos_2014,KMSS
SQCL-2007-11-30-KMSS,2007-11-30T21:28:00.000Z,2007-11-30T21:58:00.000Z,30,post_event,positive,research_confirmed,Banacos_2014,KMSS
SQCL-2007-11-30-KMSS,2007-11-30T21:28:00.000Z,2007-11-30T22:03:00.000Z,35,post_event,positive,research_confirmed,Banacos_2014,KMSS
SQCL-2007-11-30-KMSS,2007-11-30T21:28:00.000Z,2007-11-30T22:08:00.000Z,40,post_event,positive,research_confirmed,Banacos_2014,KMSS
SQCL-2007-11-30-KMSS,2007-11-30T21:28:00.000Z,2007-11-30T22:13:00.000Z,45,post_event,positive,research_confirmed,Banacos_2014,KMSS
SQCL-2007-11-30-KMSS,2007-11-30T21:28:00.000Z,2007-11-30T22:18:00.000Z,50,post_event,positive,research_confirmed,Banacos_2014,KMSS
SQCL-2007-11-30-KMSS,2007-11-30T21:28:00.000Z,2007-11-30T22:23:00.000Z,55,post_event,positive,research_confirmed,Banacos_2014,KMSS
SQCL-2007-11-30-KMSS,2007-11-30T21:28:00.000Z,2007-11-30T22:28:00.000Z,60,post_event,positive,research_confirmed,Banacos_2014,KMSS
SQCL-2007-11-30-KMSS,2007-11-30T21:28:00.000Z,2007-11-30T22:33:00.000Z,65,post_event,positive,research_confirmed,Banacos_2014,KMSS
SQCL-2007-11-30-KMSS,2007-11-30T21:28:00.000Z,2007-11-30T22:38:00.000Z,70,post_event,positive,research_confirmed,Banacos_2014,KMSS
SQCL-2007-11-30-KMSS,2007-11-30T21:28:00.000Z,2007-11-30T22:43:00.000Z,75,post_event,positive,research_confirmed,Banacos_2014,KMSS
SQCL-2007-11-30-KMSS,2007-11-30T21:28:00.000Z,2007-11-30T22:48:00.000Z,80,post_event,positive,research_confirmed,Banacos_2014,KMSS
SQCL-2007-11-30-KMSS,2007-11-30T21:28:00.000Z,2007-11-30T22:53:00.000Z,85,post_event,positive,research_confirmed,Banacos_2014,KMSS
SQCL-2007-11-30-KMSS,2007-11-30T21:28:00.000Z,2007-11-30T22:58:00.000Z,90,post_event,positive,research_confirmed,Banacos_2014,KMSS
SQCL-2007-12-08-KBTV,2007-12-08T17:21:00.000Z,2007-12-08T16:21:00.000Z,-60,pre_event,positive,research_confirmed,Banacos_2014,KBTV
SQCL-2007-12-08-KBTV,2007-12-08T17:21:00.000Z,2007-12-08T16:26:00.000Z,-55,pre_event,positive,research_confirmed,Banacos_2014,KBTV
SQCL-2007-12-08-KBTV,2007-12-08T17:21:00.000Z,2007-12-08T16:31:00.000Z,-50,pre_event,positive,research_confirmed,Banacos_2014,KBTV
SQCL-2007-12-08-KBTV,2007-12-08T17:21:00.000Z,2007-12-08T16:36:00.000Z,-45,pre_event,positive,research_confirmed,Banacos_2014,KBTV
SQCL-2007-12-08-KBTV,2007-12-08T17:21:00.000Z,2007-12-08T16:41:00.000Z,-40,pre_event,positive,research_confirmed,Banacos_2014,KBTV
SQCL-2007-12-08-KBTV,2007-12-08T17:21:00.000Z,2007-12-08T16:46:00.000Z,-35,pre_event,positive,research_confirmed,Banacos_2014,KBTV
SQCL-2007-12-08-KBTV,2007-12-08T17:21:00.000Z,2007-12-08T16:51:00.000Z,-30,pre_event,positive,research_confirmed,Banacos_2014,KBTV
SQCL-2007-12-08-KBTV,2007-12-08T17:21:00.000Z,2007-12-08T16:56:00.000Z,-25,pre_event,positive,research_confirmed,Banacos_2014,KBTV
SQCL-2007-12-08-KBTV,2007-12-08T17:21:00.000Z,2007-12-08T17:01:00.000Z,-20,pre_event,positive,research_confirmed,Banacos_2014,KBTV
SQCL-2007-12-08-KBTV,2007-12-08T17:21:00.000Z,2007-12-08T17:06:00.000Z,-15,pre_event,positive,research_confirmed,Banacos_2014,KBTV
SQCL-2007-12-08-KBTV,2007-12-08T17:21:00.000Z,2007-12-08T17:11:00.000Z,-10,pre_event,positive,research_confirmed,Banacos_2014,KBTV
SQCL-2007-12-08-KBTV,2007-12-08T17:21:00.000Z,2007-12-08T17:16:00.000Z,-5,pre_event,positive,research_confirmed,Banacos_2014,KBTV
SQCL-2007-12-08-KBTV,2007-12-08T17:21:00.000Z,2007-12-08T17:21:00.000Z,0,onset,positive,research_confirmed,Banacos_2014,KBTV
SQCL-2007-12-08-KBTV,2007-12-08T17:21:00.000Z,2007-12-08T17:26:00.000Z,5,post_event,positive,research_confirmed,Banacos_2014,KBTV
SQCL-2007-12-08-KBTV,2007-12-08T17:21:00.000Z,2007-12-08T17:31:00.000Z,10,post_event,positive,research_confirmed,Banacos_2014,KBTV
SQCL-2007-12-08-KBTV,2007-12-08T17:21:00.000Z,2007-12-08T17:36:00.000Z,15,post_event,positive,research_confirmed,Banacos_2014,KBTV
SQCL-2007-12-08-KBTV,2007-12-08T17:21:00.000Z,2007-12-08T17:41:00.000Z,20,post_event,positive,research_confirmed,Banacos_2014,KBTV
SQCL-2007-12-08-KBTV,2007-12-08T17:21:00.000Z,2007-12-08T17:46:00.000Z,25,post_event,positive,research_confirmed,Banacos_2014,KBTV
SQCL-2007-12-08-KBTV,2007-12-08T17:21:00.000Z,2007-12-08T17:51:00.000Z,30,post_event,positive,research_confirmed,Banacos_2014,KBTV
SQCL-2007-12-08-KBTV,2007-12-08T17:21:00.000Z,2007-12-08T17:56:00.000Z,35,post_event,positive,research_confirmed,Banacos_2014,KBTV
SQCL-2007-12-08-KBTV,2007-12-08T17:21:00.000Z,2007-12-08T18:01:00.000Z,40,post_event,positive,research_confirmed,Banacos_2014,KBTV
SQCL-2007-12-08-KBTV,2007-12-08T17:21:00.000Z,2007-12-08T18:06:00.000Z,45,post_event,positive,research_confirmed,Banacos_2014,KBTV
SQCL-2007-12-08-KBTV,2007-12-08T17:21:00.000Z,2007-12-08T18:11:00.000Z,50,post_event,positive,research_confirmed,Banacos_2014,KBTV
SQCL-2007-12-08-KBTV,2007-12-08T17:21:00.000Z,2007-12-08T18:16:00.000Z,55,post_event,positive,research_confirmed,Banacos_2014,KBTV
SQCL-2007-12-08-KBTV,2007-12-08T17:21:00.000Z,2007-12-08T18:21:00.000Z,60,post_event,positive,research_confirmed,Banacos_2014,KBTV
SQCL-2007-12-08-KBTV,2007-12-08T17:21:00.000Z,2007-12-08T18:26:00.000Z,65,post_event,positive,research_confirmed,Banacos_2014,KBTV
SQCL-2007-12-08-KBTV,2007-12-08T17:21:00.000Z,2007-12-08T18:31:00.000Z,70,post_event,positive,research_confirmed,Banacos_2014,KBTV
SQCL-2007-12-08-KBTV,2007-12-08T17:21:00.000Z,2007-12-08T18:36:00.000Z,75,post_event,positive,research_confirmed,Banacos_2014,KBTV
SQCL-2007-12-08-KBTV,2007-12-08T17:21:00.000Z,2007-12-08T18:41:00.000Z,80,post_event,positive,research_confirmed,Banacos_2014,KBTV
SQCL-2007-12-08-KBTV,2007-12-08T17:21:00.000Z,2007-12-08T18:46:00.000Z,85,post_event,positive,research_confirmed,Banacos_2014,KBTV
SQCL-2007-12-08-KBTV,2007-12-08T17:21:00.000Z,2007-12-08T18:51:00.000Z,90,post_event,positive,research_confirmed,Banacos_2014,KBTV
SQCL-2008-01-20-KBTV,2008-01-20T06:12:00.000Z,2008-01-20T05:12:00.000Z,-60,pre_event,positive,research_confirmed,Banacos_2014,KBTV
SQCL-2008-01-20-KBTV,2008-01-20T06:12:00.000Z,2008-01-20T05:17:00.000Z,-55,pre_event,positive,research_confirmed,Banacos_2014,KBTV
SQCL-2008-01-20-KBTV,2008-01-20T06:12:00.000Z,2008-01-20T05:22:00.000Z,-50,pre_event,positive,research_confirmed,Banacos_2014,KBTV
SQCL-2008-01-20-KBTV,2008-01-20T06:12:00.000Z,2008-01-20T05:27:00.000Z,-45,pre_event,positive,research_confirmed,Banacos_2014,KBTV
SQCL-2008-01-20-KBTV,2008-01-20T06:12:00.000Z,2008-01-20T05:32:00.000Z,-40,pre_event,positive,research_confirmed,Banacos_2014,KBTV
SQCL-2008-01-20-KBTV,2008-01-20T06:12:00.000Z,2008-01-20T05:37:00.000Z,-35,pre_event,positive,research_confirmed,Banacos_2014,KBTV
SQCL-2008-01-20-KBTV,2008-01-20T06:12:00.000Z,2008-01-20T05:42:00.000Z,-30,pre_event,positive,research_confirmed,Banacos_2014,KBTV
SQCL-2008-01-20-KBTV,2008-01-20T06:12:00.000Z,2008-01-20T05:47:00.000Z,-25,pre_event,positive,research_confirmed,Banacos_2014,KBTV
SQCL-2008-01-20-KBTV,2008-01-20T06:12:00.000Z,2008-01-20T05:52:00.000Z,-20,pre_event,positive,research_confirmed,Banacos_2014,KBTV
SQCL-2008-01-20-KBTV,2008-01-20T06:12:00.000Z,2008-01-20T05:57:00.000Z,-15,pre_event,positive,research_confirmed,Banacos_2014,KBTV
SQCL-2008-01-20-KBTV,2008-01-20T06:12:00.000Z,2008-01-20T06:02:00.000Z,-10,pre_event,positive,research_confirmed,Banacos_2014,KBTV
SQCL-2008-01-20-KBTV,2008-01-20T06:12:00.000Z,2008-01-20T06:07:00.000Z,-5,pre_event,positive,research_confirmed,Banacos_2014,KBTV
SQCL-2008-01-20-KBTV,2008-01-20T06:12:00.000Z,2008-01-20T06:12:00.000Z,0,onset,positive,research_confirmed,Banacos_2014,KBTV
SQCL-2008-01-20-KBTV,2008-01-20T06:12:00.000Z,2008-01-20T06:17:00.000Z,5,post_event,positive,research_confirmed,Banacos_2014,KBTV
SQCL-2008-01-20-KBTV,2008-01-20T06:12:00.000Z,2008-01-20T06:22:00.000Z,10,post_event,positive,research_confirmed,Banacos_2014,KBTV
SQCL-2008-01-20-KBTV,2008-01-20T06:12:00.000Z,2008-01-20T06:27:00.000Z,15,post_event,positive,research_confirmed,Banacos_2014,KBTV
SQCL-2008-01-20-KBTV,2008-01-20T06:12:00.000Z,2008-01-20T06:32:00.000Z,20,post_event,positive,research_confirmed,Banacos_2014,KBTV
SQCL-2008-01-20-KBTV,2008-01-20T06:12:00.000Z,2008-01-20T06:37:00.000Z,25,post_event,positive,research_confirmed,Banacos_2014,KBTV
SQCL-2008-01-20-KBTV,2008-01-20T06:12:00.000Z,2008-01-20T06:42:00.000Z,30,post_event,positive,research_confirmed,Banacos_2014,KBTV
SQCL-2008-01-20-KBTV,2008-01-20T06:12:00.000Z,2008-01-20T06:47:00.000Z,35,post_event,positive,research_confirmed,Banacos_2014,KBTV
SQCL-2008-01-20-KBTV,2008-01-20T06:12:00.000Z,2008-01-20T06:52:00.000Z,40,post_event,positive,research_confirmed,Banacos_2014,KBTV
SQCL-2008-01-20-KBTV,2008-01-20T06:12:00.000Z,2008-01-20T06:57:00.000Z,45,post_event,positive,research_confirmed,Banacos_2014,KBTV
SQCL-2008-01-20-KBTV,2008-01-20T06:12:00.000Z,2008-01-20T07:02:00.000Z,50,post_event,positive,research_confirmed,Banacos_2014,KBTV
SQCL-2008-01-20-KBTV,2008-01-20T06:12:00.000Z,2008-01-20T07:07:00.000Z,55,post_event,positive,research_confirmed,Banacos_2014,KBTV
SQCL-2008-01-20-KBTV,2008-01-20T06:12:00.000Z,2008-01-20T07:12:00.000Z,60,post_event,positive,research_confirmed,Banacos_2014,KBTV
SQCL-2008-01-20-KBTV,2008-01-20T06:12:00.000Z,2008-01-20T07:17:00.000Z,65,post_event,positive,research_confirmed,Banacos_2014,KBTV
SQCL-2008-01-20-KBTV,2008-01-20T06:12:00.000Z,2008-01-20T07:22:00.000Z,70,post_event,positive,research_confirmed,Banacos_2014,KBTV
SQCL-2008-01-20-KBTV,2008-01-20T06:12:00.000Z,2008-01-20T07:27:00.000Z,75,post_event,positive,research_confirmed,Banacos_2014,KBTV
SQCL-2008-01-20-KBTV,2008-01-20T06:12:00.000Z,2008-01-20T07:32:00.000Z,80,post_event,positive,research_confirmed,Banacos_2014,KBTV
SQCL-2008-01-20-KBTV,2008-01-20T06:12:00.000Z,2008-01-20T07:37:00.000Z,85,post_event,positive,research_confirmed,Banacos_2014,KBTV
SQCL-2008-01-20-KBTV,2008-01-20T06:12:00.000Z,2008-01-20T07:42:00.000Z,90,post_event,positive,research_confirmed,Banacos_2014,KBTV
SQCL-2008-02-10-KBTV,2008-02-10T16:29:00.000Z,2008-02-10T15:29:00.000Z,-60,pre_event,positive,research_confirmed,Banacos_2014,KBTV
SQCL-2008-02-10-KBTV,2008-02-10T16:29:00.000Z,2008-02-10T15:34:00.000Z,-55,pre_event,positive,research_confirmed,Banacos_2014,KBTV
SQCL-2008-02-10-KBTV,2008-02-10T16:29:00.000Z,2008-02-10T15:39:00.000Z,-50,pre_event,positive,research_confirmed,Banacos_2014,KBTV
SQCL-2008-02-10-KBTV,2008-02-10T16:29:00.000Z,2008-02-10T15:44:00.000Z,-45,pre_event,positive,research_confirmed,Banacos_2014,KBTV
SQCL-2008-02-10-KBTV,2008-02-10T16:29:00.000Z,2008-02-10T15:49:00.000Z,-40,pre_event,positive,research_confirmed,Banacos_2014,KBTV
SQCL-2008-02-10-KBTV,2008-02-10T16:29:00.000Z,2008-02-10T15:54:00.000Z,-35,pre_event,positive,research_confirmed,Banacos_2014,KBTV
SQCL-2008-02-10-KBTV,2008-02-10T16:29:00.000Z,2008-02-10T15:59:00.000Z,-30,pre_event,positive,research_confirmed,Banacos_2014,KBTV
SQCL-2008-02-10-KBTV,2008-02-10T16:29:00.000Z,2008-02-10T16:04:00.000Z,-25,pre_event,positive,research_confirmed,Banacos_2014,KBTV
SQCL-2008-02-10-KBTV,2008-02-10T16:29:00.000Z,2008-02-10T16:09:00.000Z,-20,pre_event,positive,research_confirmed,Banacos_2014,KBTV
SQCL-2008-02-10-KBTV,2008-02-10T16:29:00.000Z,2008-02-10T16:14:00.000Z,-15,pre_event,positive,research_confirmed,Banacos_2014,KBTV
SQCL-2008-02-10-KBTV,2008-02-10T16:29:00.000Z,2008-02-10T16:19:00.000Z,-10,pre_event,positive,research_confirmed,Banacos_2014,KBTV
SQCL-2008-02-10-KBTV,2008-02-10T16:29:00.000Z,2008-02-10T16:24:00.000Z,-5,pre_event,positive,research_confirmed,Banacos_2014,KBTV
SQCL-2008-02-10-KBTV,2008-02-10T16:29:00.000Z,2008-02-10T16:29:00.000Z,0,onset,positive,research_confirmed,Banacos_2014,KBTV
SQCL-2008-02-10-KBTV,2008-02-10T16:29:00.000Z,2008-02-10T16:34:00.000Z,5,post_event,positive,research_confirmed,Banacos_2014,KBTV
SQCL-2008-02-10-KBTV,2008-02-10T16:29:00.000Z,2008-02-10T16:39:00.000Z,10,post_event,positive,research_confirmed,Banacos_2014,KBTV
SQCL-2008-02-10-KBTV,2008-02-10T16:29:00.000Z,2008-02-10T16:44:00.000Z,15,post_event,positive,research_confirmed,Banacos_2014,KBTV
SQCL-2008-02-10-KBTV,2008-02-10T16:29:00.000Z,2008-02-10T16:49:00.000Z,20,post_event,positive,research_confirmed,Banacos_2014,KBTV
SQCL-2008-02-10-KBTV,2008-02-10T16:29:00.000Z,2008-02-10T16:54:00.000Z,25,post_event,positive,research_confirmed,Banacos_2014,KBTV
SQCL-2008-02-10-KBTV,2008-02-10T16:29:00.000Z,2008-02-10T16:59:00.000Z,30,post_event,positive,research_confirmed,Banacos_2014,KBTV
SQCL-2008-02-10-KBTV,2008-02-10T16:29:00.000Z,2008-02-10T17:04:00.000Z,35,post_event,positive,research_confirmed,Banacos_2014,KBTV
SQCL-2008-02-10-KBTV,2008-02-10T16:29:00.000Z,2008-02-10T17:09:00.000Z,40,post_event,positive,research_confirmed,Banacos_2014,KBTV
SQCL-2008-02-10-KBTV,2008-02-10T16:29:00.000Z,2008-02-10T17:14:00.000Z,45,post_event,positive,research_confirmed,Banacos_2014,KBTV
SQCL-2008-02-10-KBTV,2008-02-10T16:29:00.000Z,2008-02-10T17:19:00.000Z,50,post_event,positive,research_confirmed,Banacos_2014,KBTV
SQCL-2008-02-10-KBTV,2008-02-10T16:29:00.000Z,2008-02-10T17:24:00.000Z,55,post_event,positive,research_confirmed,Banacos_2014,KBTV
SQCL-2008-02-10-KBTV,2008-02-10T16:29:00.000Z,2008-02-10T17:29:00.000Z,60,post_event,positive,research_confirmed,Banacos_2014,KBTV
SQCL-2008-02-10-KBTV,2008-02-10T16:29:00.000Z,2008-02-10T17:34:00.000Z,65,post_event,positive,research_confirmed,Banacos_2014,KBTV
SQCL-2008-02-10-KBTV,2008-02-10T16:29:00.000Z,2008-02-10T17:39:00.000Z,70,post_event,positive,research_confirmed,Banacos_2014,KBTV
SQCL-2008-02-10-KBTV,2008-02-10T16:29:00.000Z,2008-02-10T17:44:00.000Z,75,post_event,positive,research_confirmed,Banacos_2014,KBTV
SQCL-2008-02-10-KBTV,2008-02-10T16:29:00.000Z,2008-02-10T17:49:00.000Z,80,post_event,positive,research_confirmed,Banacos_2014,KBTV
SQCL-2008-02-10-KBTV,2008-02-10T16:29:00.000Z,2008-02-10T17:54:00.000Z,85,post_event,positive,research_confirmed,Banacos_2014,KBTV
SQCL-2008-02-10-KBTV,2008-02-10T16:29:00.000Z,2008-02-10T17:59:00.000Z,90,post_event,positive,research_confirmed,Banacos_2014,KBTV
SQCL-2008-02-15-KMPV,2008-02-15T20:12:00.000Z,2008-02-15T19:12:00.000Z,-60,pre_event,positive,research_confirmed,Banacos_2014,KMPV
SQCL-2008-02-15-KMPV,2008-02-15T20:12:00.000Z,2008-02-15T19:17:00.000Z,-55,pre_event,positive,research_confirmed,Banacos_2014,KMPV
SQCL-2008-02-15-KMPV,2008-02-15T20:12:00.000Z,2008-02-15T19:22:00.000Z,-50,pre_event,positive,research_confirmed,Banacos_2014,KMPV
SQCL-2008-02-15-KMPV,2008-02-15T20:12:00.000Z,2008-02-15T19:27:00.000Z,-45,pre_event,positive,research_confirmed,Banacos_2014,KMPV
SQCL-2008-02-15-KMPV,2008-02-15T20:12:00.000Z,2008-02-15T19:32:00.000Z,-40,pre_event,positive,research_confirmed,Banacos_2014,KMPV
SQCL-2008-02-15-KMPV,2008-02-15T20:12:00.000Z,2008-02-15T19:37:00.000Z,-35,pre_event,positive,research_confirmed,Banacos_2014,KMPV
SQCL-2008-02-15-KMPV,2008-02-15T20:12:00.000Z,2008-02-15T19:42:00.000Z,-30,pre_event,positive,research_confirmed,Banacos_2014,KMPV
SQCL-2008-02-15-KMPV,2008-02-15T20:12:00.000Z,2008-02-15T19:47:00.000Z,-25,pre_event,positive,research_confirmed,Banacos_2014,KMPV
SQCL-2008-02-15-KMPV,2008-02-15T20:12:00.000Z,2008-02-15T19:52:00.000Z,-20,pre_event,positive,research_confirmed,Banacos_2014,KMPV
SQCL-2008-02-15-KMPV,2008-02-15T20:12:00.000Z,2008-02-15T19:57:00.000Z,-15,pre_event,positive,research_confirmed,Banacos_2014,KMPV
SQCL-2008-02-15-KMPV,2008-02-15T20:12:00.000Z,2008-02-15T20:02:00.000Z,-10,pre_event,positive,research_confirmed,Banacos_2014,KMPV
SQCL-2008-02-15-KMPV,2008-02-15T20:12:00.000Z,2008-02-15T20:07:00.000Z,-5,pre_event,positive,research_confirmed,Banacos_2014,KMPV
SQCL-2008-02-15-KMPV,2008-02-15T20:12:00.000Z,2008-02-15T20:12:00.000Z,0,onset,positive,research_confirmed,Banacos_2014,KMPV
SQCL-2008-02-15-KMPV,2008-02-15T20:12:00.000Z,2008-02-15T20:17:00.000Z,5,post_event,positive,research_confirmed,Banacos_2014,KMPV
SQCL-2008-02-15-KMPV,2008-02-15T20:12:00.000Z,2008-02-15T20:22:00.000Z,10,post_event,positive,research_confirmed,Banacos_2014,KMPV
SQCL-2008-02-15-KMPV,2008-02-15T20:12:00.000Z,2008-02-15T20:27:00.000Z,15,post_event,positive,research_confirmed,Banacos_2014,KMPV
SQCL-2008-02-15-KMPV,2008-02-15T20:12:00.000Z,2008-02-15T20:32:00.000Z,20,post_event,positive,research_confirmed,Banacos_2014,KMPV
SQCL-2008-02-15-KMPV,2008-02-15T20:12:00.000Z,2008-02-15T20:37:00.000Z,25,post_event,positive,research_confirmed,Banacos_2014,KMPV
SQCL-2008-02-15-KMPV,2008-02-15T20:12:00.000Z,2008-02-15T20:42:00.000Z,30,post_event,positive,research_confirmed,Banacos_2014,KMPV
SQCL-2008-02-15-KMPV,2008-02-15T20:12:00.000Z,2008-02-15T20:47:00.000Z,35,post_event,positive,research_confirmed,Banacos_2014,KMPV
SQCL-2008-02-15-KMPV,2008-02-15T20:12:00.000Z,2008-02-15T20:52:00.000Z,40,post_event,positive,research_confirmed,Banacos_2014,KMPV
SQCL-2008-02-15-KMPV,2008-02-15T20:12:00.000Z,2008-02-15T20:57:00.000Z,45,post_event,positive,research_confirmed,Banacos_2014,KMPV
SQCL-2008-02-15-KMPV,2008-02-15T20:12:00.000Z,2008-02-15T21:02:00.000Z,50,post_event,positive,research_confirmed,Banacos_2014,KMPV
SQCL-2008-02-15-KMPV,2008-02-15T20:12:00.000Z,2008-02-15T21:07:00.000Z,55,post_event,positive,research_confirmed,Banacos_2014,KMPV
SQCL-2008-02-15-KMPV,2008-02-15T20:12:00.000Z,2008-02-15T21:12:00.000Z,60,post_event,positive,research_confirmed,Banacos_2014,KMPV
SQCL-2008-02-15-KMPV,2008-02-15T20:12:00.000Z,2008-02-15T21:17:00.000Z,65,post_event,positive,research_confirmed,Banacos_2014,KMPV
SQCL-2008-02-15-KMPV,2008-02-15T20:12:00.000Z,2008-02-15T21:22:00.000Z,70,post_event,positive,research_confirmed,Banacos_2014,KMPV
SQCL-2008-02-15-KMPV,2008-02-15T20:12:00.000Z,2008-02-15T21:27:00.000Z,75,post_event,positive,research_confirmed,Banacos_2014,KMPV
SQCL-2008-02-15-KMPV,2008-02-15T20:12:00.000Z,2008-02-15T21:32:00.000Z,80,post_event,positive,research_confirmed,Banacos_2014,KMPV
SQCL-2008-02-15-KMPV,2008-02-15T20:12:00.000Z,2008-02-15T21:37:00.000Z,85,post_event,positive,research_confirmed,Banacos_2014,KMPV
SQCL-2008-02-15-KMPV,2008-02-15T20:12:00.000Z,2008-02-15T21:42:00.000Z,90,post_event,positive,research_confirmed,Banacos_2014,KMPV
SQCL-2008-12-07-KBTV,2008-12-07T20:38:00.000Z,2008-12-07T19:38:00.000Z,-60,pre_event,positive,research_confirmed,Banacos_2014,KBTV
SQCL-2008-12-07-KBTV,2008-12-07T20:38:00.000Z,2008-12-07T19:43:00.000Z,-55,pre_event,positive,research_confirmed,Banacos_2014,KBTV
SQCL-2008-12-07-KBTV,2008-12-07T20:38:00.000Z,2008-12-07T19:48:00.000Z,-50,pre_event,positive,research_confirmed,Banacos_2014,KBTV
SQCL-2008-12-07-KBTV,2008-12-07T20:38:00.000Z,2008-12-07T19:53:00.000Z,-45,pre_event,positive,research_confirmed,Banacos_2014,KBTV
SQCL-2008-12-07-KBTV,2008-12-07T20:38:00.000Z,2008-12-07T19:58:00.000Z,-40,pre_event,positive,research_confirmed,Banacos_2014,KBTV
SQCL-2008-12-07-KBTV,2008-12-07T20:38:00.000Z,2008-12-07T20:03:00.000Z,-35,pre_event,positive,research_confirmed,Banacos_2014,KBTV
SQCL-2008-12-07-KBTV,2008-12-07T20:38:00.000Z,2008-12-07T20:08:00.000Z,-30,pre_event,positive,research_confirmed,Banacos_2014,KBTV
SQCL-2008-12-07-KBTV,2008-12-07T20:38:00.000Z,2008-12-07T20:13:00.000Z,-25,pre_event,positive,research_confirmed,Banacos_2014,KBTV
SQCL-2008-12-07-KBTV,2008-12-07T20:38:00.000Z,2008-12-07T20:18:00.000Z,-20,pre_event,positive,research_confirmed,Banacos_2014,KBTV
SQCL-2008-12-07-KBTV,2008-12-07T20:38:00.000Z,2008-12-07T20:23:00.000Z,-15,pre_event,positive,research_confirmed,Banacos_2014,KBTV
SQCL-2008-12-07-KBTV,2008-12-07T20:38:00.000Z,2008-12-07T20:28:00.000Z,-10,pre_event,positive,research_confirmed,Banacos_2014,KBTV
SQCL-2008-12-07-KBTV,2008-12-07T20:38:00.000Z,2008-12-07T20:33:00.000Z,-5,pre_event,positive,research_confirmed,Banacos_2014,KBTV
SQCL-2008-12-07-KBTV,2008-12-07T20:38:00.000Z,2008-12-07T20:38:00.000Z,0,onset,positive,research_confirmed,Banacos_2014,KBTV
SQCL-2008-12-07-KBTV,2008-12-07T20:38:00.000Z,2008-12-07T20:43:00.000Z,5,post_event,positive,research_confirmed,Banacos_2014,KBTV
SQCL-2008-12-07-KBTV,2008-12-07T20:38:00.000Z,2008-12-07T20:48:00.000Z,10,post_event,positive,research_confirmed,Banacos_2014,KBTV
SQCL-2008-12-07-KBTV,2008-12-07T20:38:00.000Z,2008-12-07T20:53:00.000Z,15,post_event,positive,research_confirmed,Banacos_2014,KBTV
SQCL-2008-12-07-KBTV,2008-12-07T20:38:00.000Z,2008-12-07T20:58:00.000Z,20,post_event,positive,research_confirmed,Banacos_2014,KBTV
SQCL-2008-12-07-KBTV,2008-12-07T20:38:00.000Z,2008-12-07T21:03:00.000Z,25,post_event,positive,research_confirmed,Banacos_2014,KBTV
SQCL-2008-12-07-KBTV,2008-12-07T20:38:00.000Z,2008-12-07T21:08:00.000Z,30,post_event,positive,research_confirmed,Banacos_2014,KBTV
SQCL-2008-12-07-KBTV,2008-12-07T20:38:00.000Z,2008-12-07T21:13:00.000Z,35,post_event,positive,research_confirmed,Banacos_2014,KBTV
SQCL-2008-12-07-KBTV,2008-12-07T20:38:00.000Z,2008-12-07T21:18:00.000Z,40,post_event,positive,research_confirmed,Banacos_2014,KBTV
SQCL-2008-12-07-KBTV,2008-12-07T20:38:00.000Z,2008-12-07T21:23:00.000Z,45,post_event,positive,research_confirmed,Banacos_2014,KBTV
SQCL-2008-12-07-KBTV,2008-12-07T20:38:00.000Z,2008-12-07T21:28:00.000Z,50,post_event,positive,research_confirmed,Banacos_2014,KBTV
SQCL-2008-12-07-KBTV,2008-12-07T20:38:00.000Z,2008-12-07T21:33:00.000Z,55,post_event,positive,research_confirmed,Banacos_2014,KBTV
SQCL-2008-12-07-KBTV,2008-12-07T20:38:00.000Z,2008-12-07T21:38:00.000Z,60,post_event,positive,research_confirmed,Banacos_2014,KBTV
SQCL-2008-12-07-KBTV,2008-12-07T20:38:00.000Z,2008-12-07T21:43:00.000Z,65,post_event,positive,research_confirmed,Banacos_2014,KBTV
SQCL-2008-12-07-KBTV,2008-12-07T20:38:00.000Z,2008-12-07T21:48:00.000Z,70,post_event,positive,research_confirmed,Banacos_2014,KBTV
SQCL-2008-12-07-KBTV,2008-12-07T20:38:00.000Z,2008-12-07T21:53:00.000Z,75,post_event,positive,research_confirmed,Banacos_2014,KBTV
SQCL-2008-12-07-KBTV,2008-12-07T20:38:00.000Z,2008-12-07T21:58:00.000Z,80,post_event,positive,research_confirmed,Banacos_2014,KBTV
SQCL-2008-12-07-KBTV,2008-12-07T20:38:00.000Z,2008-12-07T22:03:00.000Z,85,post_event,positive,research_confirmed,Banacos_2014,KBTV
SQCL-2008-12-07-KBTV,2008-12-07T20:38:00.000Z,2008-12-07T22:08:00.000Z,90,post_event,positive,research_confirmed,Banacos_2014,KBTV
SQCL-2009-01-25-KBTV,2009-01-25T20:54:00.000Z,2009-01-25T19:54:00.000Z,-60,pre_event,positive,research_confirmed,Banacos_2014,KBTV
SQCL-2009-01-25-KBTV,2009-01-25T20:54:00.000Z,2009-01-25T19:59:00.000Z,-55,pre_event,positive,research_confirmed,Banacos_2014,KBTV
SQCL-2009-01-25-KBTV,2009-01-25T20:54:00.000Z,2009-01-25T20:04:00.000Z,-50,pre_event,positive,research_confirmed,Banacos_2014,KBTV
SQCL-2009-01-25-KBTV,2009-01-25T20:54:00.000Z,2009-01-25T20:09:00.000Z,-45,pre_event,positive,research_confirmed,Banacos_2014,KBTV
SQCL-2009-01-25-KBTV,2009-01-25T20:54:00.000Z,2009-01-25T20:14:00.000Z,-40,pre_event,positive,research_confirmed,Banacos_2014,KBTV
SQCL-2009-01-25-KBTV,2009-01-25T20:54:00.000Z,2009-01-25T20:19:00.000Z,-35,pre_event,positive,research_confirmed,Banacos_2014,KBTV
SQCL-2009-01-25-KBTV,2009-01-25T20:54:00.000Z,2009-01-25T20:24:00.000Z,-30,pre_event,positive,research_confirmed,Banacos_2014,KBTV
SQCL-2009-01-25-KBTV,2009-01-25T20:54:00.000Z,2009-01-25T20:29:00.000Z,-25,pre_event,positive,research_confirmed,Banacos_2014,KBTV
SQCL-2009-01-25-KBTV,2009-01-25T20:54:00.000Z,2009-01-25T20:34:00.000Z,-20,pre_event,positive,research_confirmed,Banacos_2014,KBTV
SQCL-2009-01-25-KBTV,2009-01-25T20:54:00.000Z,2009-01-25T20:39:00.000Z,-15,pre_event,positive,research_confirmed,Banacos_2014,KBTV
SQCL-2009-01-25-KBTV,2009-01-25T20:54:00.000Z,2009-01-25T20:44:00.000Z,-10,pre_event,positive,research_confirmed,Banacos_2014,KBTV
SQCL-2009-01-25-KBTV,2009-01-25T20:54:00.000Z,2009-01-25T20:49:00.000Z,-5,pre_event,positive,research_confirmed,Banacos_2014,KBTV
SQCL-2009-01-25-KBTV,2009-01-25T20:54:00.000Z,2009-01-25T20:54:00.000Z,0,onset,positive,research_confirmed,Banacos_2014,KBTV
SQCL-2009-01-25-KBTV,2009-01-25T20:54:00.000Z,2009-01-25T20:59:00.000Z,5,post_event,positive,research_confirmed,Banacos_2014,KBTV
SQCL-2009-01-25-KBTV,2009-01-25T20:54:00.000Z,2009-01-25T21:04:00.000Z,10,post_event,positive,research_confirmed,Banacos_2014,KBTV
SQCL-2009-01-25-KBTV,2009-01-25T20:54:00.000Z,2009-01-25T21:09:00.000Z,15,post_event,positive,research_confirmed,Banacos_2014,KBTV
SQCL-2009-01-25-KBTV,2009-01-25T20:54:00.000Z,2009-01-25T21:14:00.000Z,20,post_event,positive,research_confirmed,Banacos_2014,KBTV
SQCL-2009-01-25-KBTV,2009-01-25T20:54:00.000Z,2009-01-25T21:19:00.000Z,25,post_event,positive,research_confirmed,Banacos_2014,KBTV
SQCL-2009-01-25-KBTV,2009-01-25T20:54:00.000Z,2009-01-25T21:24:00.000Z,30,post_event,positive,research_confirmed,Banacos_2014,KBTV
SQCL-2009-01-25-KBTV,2009-01-25T20:54:00.000Z,2009-01-25T21:29:00.000Z,35,post_event,positive,research_confirmed,Banacos_2014,KBTV
SQCL-2009-01-25-KBTV,2009-01-25T20:54:00.000Z,2009-01-25T21:34:00.000Z,40,post_event,positive,research_confirmed,Banacos_2014,KBTV
SQCL-2009-01-25-KBTV,2009-01-25T20:54:00.000Z,2009-01-25T21:39:00.000Z,45,post_event,positive,research_confirmed,Banacos_2014,KBTV
SQCL-2009-01-25-KBTV,2009-01-25T20:54:00.000Z,2009-01-25T21:44:00.000Z,50,post_event,positive,research_confirmed,Banacos_2014,KBTV
SQCL-2009-01-25-KBTV,2009-01-25T20:54:00.000Z,2009-01-25T21:49:00.000Z,55,post_event,positive,research_confirmed,Banacos_2014,KBTV
SQCL-2009-01-25-KBTV,2009-01-25T20:54:00.000Z,2009-01-25T21:54:00.000Z,60,post_event,positive,research_confirmed,Banacos_2014,KBTV
SQCL-2009-01-25-KBTV,2009-01-25T20:54:00.000Z,2009-01-25T21:59:00.000Z,65,post_event,positive,research_confirmed,Banacos_2014,KBTV
SQCL-2009-01-25-KBTV,2009-01-25T20:54:00.000Z,2009-01-25T22:04:00.000Z,70,post_event,positive,research_confirmed,Banacos_2014,KBTV
SQCL-2009-01-25-KBTV,2009-01-25T20:54:00.000Z,2009-01-25T22:09:00.000Z,75,post_event,positive,research_confirmed,Banacos_2014,KBTV
SQCL-2009-01-25-KBTV,2009-01-25T20:54:00.000Z,2009-01-25T22:14:00.000Z,80,post_event,positive,research_confirmed,Banacos_2014,KBTV
SQCL-2009-01-25-KBTV,2009-01-25T20:54:00.000Z,2009-01-25T22:19:00.000Z,85,post_event,positive,research_confirmed,Banacos_2014,KBTV
SQCL-2009-01-25-KBTV,2009-01-25T20:54:00.000Z,2009-01-25T22:24:00.000Z,90,post_event,positive,research_confirmed,Banacos_2014,KBTV
SQCL-2009-01-30-KBTV,2009-01-30T22:42:00.000Z,2009-01-30T21:42:00.000Z,-60,pre_event,positive,research_confirmed,Banacos_2014,KBTV
SQCL-2009-01-30-KBTV,2009-01-30T22:42:00.000Z,2009-01-30T21:47:00.000Z,-55,pre_event,positive,research_confirmed,Banacos_2014,KBTV
SQCL-2009-01-30-KBTV,2009-01-30T22:42:00.000Z,2009-01-30T21:52:00.000Z,-50,pre_event,positive,research_confirmed,Banacos_2014,KBTV
SQCL-2009-01-30-KBTV,2009-01-30T22:42:00.000Z,2009-01-30T21:57:00.000Z,-45,pre_event,positive,research_confirmed,Banacos_2014,KBTV
SQCL-2009-01-30-KBTV,2009-01-30T22:42:00.000Z,2009-01-30T22:02:00.000Z,-40,pre_event,positive,research_confirmed,Banacos_2014,KBTV
SQCL-2009-01-30-KBTV,2009-01-30T22:42:00.000Z,2009-01-30T22:07:00.000Z,-35,pre_event,positive,research_confirmed,Banacos_2014,KBTV
SQCL-2009-01-30-KBTV,2009-01-30T22:42:00.000Z,2009-01-30T22:12:00.000Z,-30,pre_event,positive,research_confirmed,Banacos_2014,KBTV
SQCL-2009-01-30-KBTV,2009-01-30T22:42:00.000Z,2009-01-30T22:17:00.000Z,-25,pre_event,positive,research_confirmed,Banacos_2014,KBTV
SQCL-2009-01-30-KBTV,2009-01-30T22:42:00.000Z,2009-01-30T22:22:00.000Z,-20,pre_event,positive,research_confirmed,Banacos_2014,KBTV
SQCL-2009-01-30-KBTV,2009-01-30T22:42:00.000Z,2009-01-30T22:27:00.000Z,-15,pre_event,positive,research_confirmed,Banacos_2014,KBTV
SQCL-2009-01-30-KBTV,2009-01-30T22:42:00.000Z,2009-01-30T22:32:00.000Z,-10,pre_event,positive,research_confirmed,Banacos_2014,KBTV
SQCL-2009-01-30-KBTV,2009-01-30T22:42:00.000Z,2009-01-30T22:37:00.000Z,-5,pre_event,positive,research_confirmed,Banacos_2014,KBTV
SQCL-2009-01-30-KBTV,2009-01-30T22:42:00.000Z,2009-01-30T22:42:00.000Z,0,onset,positive,research_confirmed,Banacos_2014,KBTV
SQCL-2009-01-30-KBTV,2009-01-30T22:42:00.000Z,2009-01-30T22:47:00.000Z,5,post_event,positive,research_confirmed,Banacos_2014,KBTV
SQCL-2009-01-30-KBTV,2009-01-30T22:42:00.000Z,2009-01-30T22:52:00.000Z,10,post_event,positive,research_confirmed,Banacos_2014,KBTV
SQCL-2009-01-30-KBTV,2009-01-30T22:42:00.000Z,2009-01-30T22:57:00.000Z,15,post_event,positive,research_confirmed,Banacos_2014,KBTV
SQCL-2009-01-30-KBTV,2009-01-30T22:42:00.000Z,2009-01-30T23:02:00.000Z,20,post_event,positive,research_confirmed,Banacos_2014,KBTV
SQCL-2009-01-30-KBTV,2009-01-30T22:42:00.000Z,2009-01-30T23:07:00.000Z,25,post_event,positive,research_confirmed,Banacos_2014,KBTV
SQCL-2009-01-30-KBTV,2009-01-30T22:42:00.000Z,2009-01-30T23:12:00.000Z,30,post_event,positive,research_confirmed,Banacos_2014,KBTV
SQCL-2009-01-30-KBTV,2009-01-30T22:42:00.000Z,2009-01-30T23:17:00.000Z,35,post_event,positive,research_confirmed,Banacos_2014,KBTV
SQCL-2009-01-30-KBTV,2009-01-30T22:42:00.000Z,2009-01-30T23:22:00.000Z,40,post_event,positive,research_confirmed,Banacos_2014,KBTV
SQCL-2009-01-30-KBTV,2009-01-30T22:42:00.000Z,2009-01-30T23:27:00.000Z,45,post_event,positive,research_confirmed,Banacos_2014,KBTV
SQCL-2009-01-30-KBTV,2009-01-30T22:42:00.000Z,2009-01-30T23:32:00.000Z,50,post_event,positive,research_confirmed,Banacos_2014,KBTV
SQCL-2009-01-30-KBTV,2009-01-30T22:42:00.000Z,2009-01-30T23:37:00.000Z,55,post_event,positive,research_confirmed,Banacos_2014,KBTV
SQCL-2009-01-30-KBTV,2009-01-30T22:42:00.000Z,2009-01-30T23:42:00.000Z,60,post_event,positive,research_confirmed,Banacos_2014,KBTV
SQCL-2009-01-30-KBTV,2009-01-30T22:42:00.000Z,2009-01-30T23:47:00.000Z,65,post_event,positive,research_confirmed,Banacos_2014,KBTV
SQCL-2009-01-30-KBTV,2009-01-30T22:42:00.000Z,2009-01-30T23:52:00.000Z,70,post_event,positive,research_confirmed,Banacos_2014,KBTV
SQCL-2009-01-30-KBTV,2009-01-30T22:42:00.000Z,2009-01-30T23:57:00.000Z,75,post_event,positive,research_confirmed,Banacos_2014,KBTV
SQCL-2009-01-30-KBTV,2009-01-30T22:42:00.000Z,2009-01-31T00:02:00.000Z,80,post_event,positive,research_confirmed,Banacos_2014,KBTV
SQCL-2009-01-30-KBTV,2009-01-30T22:42:00.000Z,2009-01-31T00:07:00.000Z,85,post_event,positive,research_confirmed,Banacos_2014,KBTV
SQCL-2009-01-30-KBTV,2009-01-30T22:42:00.000Z,2009-01-31T00:12:00.000Z,90,post_event,positive,research_confirmed,Banacos_2014,KBTV
SQCL-2009-12-29-KBTV,2009-12-29T08:18:00.000Z,2009-12-29T07:18:00.000Z,-60,pre_event,positive,research_confirmed,Banacos_2014,KBTV
SQCL-2009-12-29-KBTV,2009-12-29T08:18:00.000Z,2009-12-29T07:23:00.000Z,-55,pre_event,positive,research_confirmed,Banacos_2014,KBTV
SQCL-2009-12-29-KBTV,2009-12-29T08:18:00.000Z,2009-12-29T07:28:00.000Z,-50,pre_event,positive,research_confirmed,Banacos_2014,KBTV
SQCL-2009-12-29-KBTV,2009-12-29T08:18:00.000Z,2009-12-29T07:33:00.000Z,-45,pre_event,positive,research_confirmed,Banacos_2014,KBTV
SQCL-2009-12-29-KBTV,2009-12-29T08:18:00.000Z,2009-12-29T07:38:00.000Z,-40,pre_event,positive,research_confirmed,Banacos_2014,KBTV
SQCL-2009-12-29-KBTV,2009-12-29T08:18:00.000Z,2009-12-29T07:43:00.000Z,-35,pre_event,positive,research_confirmed,Banacos_2014,KBTV
SQCL-2009-12-29-KBTV,2009-12-29T08:18:00.000Z,2009-12-29T07:48:00.000Z,-30,pre_event,positive,research_confirmed,Banacos_2014,KBTV
SQCL-2009-12-29-KBTV,2009-12-29T08:18:00.000Z,2009-12-29T07:53:00.000Z,-25,pre_event,positive,research_confirmed,Banacos_2014,KBTV
SQCL-2009-12-29-KBTV,2009-12-29T08:18:00.000Z,2009-12-29T07:58:00.000Z,-20,pre_event,positive,research_confirmed,Banacos_2014,KBTV
SQCL-2009-12-29-KBTV,2009-12-29T08:18:00.000Z,2009-12-29T08:03:00.000Z,-15,pre_event,positive,research_confirmed,Banacos_2014,KBTV
SQCL-2009-12-29-KBTV,2009-12-29T08:18:00.000Z,2009-12-29T08:08:00.000Z,-10,pre_event,positive,research_confirmed,Banacos_2014,KBTV
SQCL-2009-12-29-KBTV,2009-12-29T08:18:00.000Z,2009-12-29T08:13:00.000Z,-5,pre_event,positive,research_confirmed,Banacos_2014,KBTV
SQCL-2009-12-29-KBTV,2009-12-29T08:18:00.000Z,2009-12-29T08:18:00.000Z,0,onset,positive,research_confirmed,Banacos_2014,KBTV
SQCL-2009-12-29-KBTV,2009-12-29T08:18:00.000Z,2009-12-29T08:23:00.000Z,5,post_event,positive,research_confirmed,Banacos_2014,KBTV
SQCL-2009-12-29-KBTV,2009-12-29T08:18:00.000Z,2009-12-29T08:28:00.000Z,10,post_event,positive,research_confirmed,Banacos_2014,KBTV
SQCL-2009-12-29-KBTV,2009-12-29T08:18:00.000Z,2009-12-29T08:33:00.000Z,15,post_event,positive,research_confirmed,Banacos_2014,KBTV
SQCL-2009-12-29-KBTV,2009-12-29T08:18:00.000Z,2009-12-29T08:38:00.000Z,20,post_event,positive,research_confirmed,Banacos_2014,KBTV
SQCL-2009-12-29-KBTV,2009-12-29T08:18:00.000Z,2009-12-29T08:43:00.000Z,25,post_event,positive,research_confirmed,Banacos_2014,KBTV
SQCL-2009-12-29-KBTV,2009-12-29T08:18:00.000Z,2009-12-29T08:48:00.000Z,30,post_event,positive,research_confirmed,Banacos_2014,KBTV
SQCL-2009-12-29-KBTV,2009-12-29T08:18:00.000Z,2009-12-29T08:53:00.000Z,35,post_event,positive,research_confirmed,Banacos_2014,KBTV
SQCL-2009-12-29-KBTV,2009-12-29T08:18:00.000Z,2009-12-29T08:58:00.000Z,40,post_event,positive,research_confirmed,Banacos_2014,KBTV
SQCL-2009-12-29-KBTV,2009-12-29T08:18:00.000Z,2009-12-29T09:03:00.000Z,45,post_event,positive,research_confirmed,Banacos_2014,KBTV
SQCL-2009-12-29-KBTV,2009-12-29T08:18:00.000Z,2009-12-29T09:08:00.000Z,50,post_event,positive,research_confirmed,Banacos_2014,KBTV
SQCL-2009-12-29-KBTV,2009-12-29T08:18:00.000Z,2009-12-29T09:13:00.000Z,55,post_event,positive,research_confirmed,Banacos_2014,KBTV
SQCL-2009-12-29-KBTV,2009-12-29T08:18:00.000Z,2009-12-29T09:18:00.000Z,60,post_event,positive,research_confirmed,Banacos_2014,KBTV
SQCL-2009-12-29-KBTV,2009-12-29T08:18:00.000Z,2009-12-29T09:23:00.000Z,65,post_event,positive,research_confirmed,Banacos_2014,KBTV
SQCL-2009-12-29-KBTV,2009-12-29T08:18:00.000Z,2009-12-29T09:28:00.000Z,70,post_event,positive,research_confirmed,Banacos_2014,KBTV
SQCL-2009-12-29-KBTV,2009-12-29T08:18:00.000Z,2009-12-29T09:33:00.000Z,75,post_event,positive,research_confirmed,Banacos_2014,KBTV
SQCL-2009-12-29-KBTV,2009-12-29T08:18:00.000Z,2009-12-29T09:38:00.000Z,80,post_event,positive,research_confirmed,Banacos_2014,KBTV
SQCL-2009-12-29-KBTV,2009-12-29T08:18:00.000Z,2009-12-29T09:43:00.000Z,85,post_event,positive,research_confirmed,Banacos_2014,KBTV
SQCL-2009-12-29-KBTV,2009-12-29T08:18:00.000Z,2009-12-29T09:48:00.000Z,90,post_event,positive,research_confirmed,Banacos_2014,KBTV
SQCL-2010-01-28-KBTV,2010-01-28T19:18:00.000Z,2010-01-28T18:18:00.000Z,-60,pre_event,positive,research_confirmed,Banacos_2014,KBTV
SQCL-2010-01-28-KBTV,2010-01-28T19:18:00.000Z,2010-01-28T18:23:00.000Z,-55,pre_event,positive,research_confirmed,Banacos_2014,KBTV
SQCL-2010-01-28-KBTV,2010-01-28T19:18:00.000Z,2010-01-28T18:28:00.000Z,-50,pre_event,positive,research_confirmed,Banacos_2014,KBTV
SQCL-2010-01-28-KBTV,2010-01-28T19:18:00.000Z,2010-01-28T18:33:00.000Z,-45,pre_event,positive,research_confirmed,Banacos_2014,KBTV
SQCL-2010-01-28-KBTV,2010-01-28T19:18:00.000Z,2010-01-28T18:38:00.000Z,-40,pre_event,positive,research_confirmed,Banacos_2014,KBTV
SQCL-2010-01-28-KBTV,2010-01-28T19:18:00.000Z,2010-01-28T18:43:00.000Z,-35,pre_event,positive,research_confirmed,Banacos_2014,KBTV
SQCL-2010-01-28-KBTV,2010-01-28T19:18:00.000Z,2010-01-28T18:48:00.000Z,-30,pre_event,positive,research_confirmed,Banacos_2014,KBTV
SQCL-2010-01-28-KBTV,2010-01-28T19:18:00.000Z,2010-01-28T18:53:00.000Z,-25,pre_event,positive,research_confirmed,Banacos_2014,KBTV
SQCL-2010-01-28-KBTV,2010-01-28T19:18:00.000Z,2010-01-28T18:58:00.000Z,-20,pre_event,positive,research_confirmed,Banacos_2014,KBTV
SQCL-2010-01-28-KBTV,2010-01-28T19:18:00.000Z,2010-01-28T19:03:00.000Z,-15,pre_event,positive,research_confirmed,Banacos_2014,KBTV
SQCL-2010-01-28-KBTV,2010-01-28T19:18:00.000Z,2010-01-28T19:08:00.000Z,-10,pre_event,positive,research_confirmed,Banacos_2014,KBTV
SQCL-2010-01-28-KBTV,2010-01-28T19:18:00.000Z,2010-01-28T19:13:00.000Z,-5,pre_event,positive,research_confirmed,Banacos_2014,KBTV
SQCL-2010-01-28-KBTV,2010-01-28T19:18:00.000Z,2010-01-28T19:18:00.000Z,0,onset,positive,research_confirmed,Banacos_2014,KBTV
SQCL-2010-01-28-KBTV,2010-01-28T19:18:00.000Z,2010-01-28T19:23:00.000Z,5,post_event,positive,research_confirmed,Banacos_2014,KBTV
SQCL-2010-01-28-KBTV,2010-01-28T19:18:00.000Z,2010-01-28T19:28:00.000Z,10,post_event,positive,research_confirmed,Banacos_2014,KBTV
SQCL-2010-01-28-KBTV,2010-01-28T19:18:00.000Z,2010-01-28T19:33:00.000Z,15,post_event,positive,research_confirmed,Banacos_2014,KBTV
SQCL-2010-01-28-KBTV,2010-01-28T19:18:00.000Z,2010-01-28T19:38:00.000Z,20,post_event,positive,research_confirmed,Banacos_2014,KBTV
SQCL-2010-01-28-KBTV,2010-01-28T19:18:00.000Z,2010-01-28T19:43:00.000Z,25,post_event,positive,research_confirmed,Banacos_2014,KBTV
SQCL-2010-01-28-KBTV,2010-01-28T19:18:00.000Z,2010-01-28T19:48:00.000Z,30,post_event,positive,research_confirmed,Banacos_2014,KBTV
SQCL-2010-01-28-KBTV,2010-01-28T19:18:00.000Z,2010-01-28T19:53:00.000Z,35,post_event,positive,research_confirmed,Banacos_2014,KBTV
SQCL-2010-01-28-KBTV,2010-01-28T19:18:00.000Z,2010-01-28T19:58:00.000Z,40,post_event,positive,research_confirmed,Banacos_2014,KBTV
SQCL-2010-01-28-KBTV,2010-01-28T19:18:00.000Z,2010-01-28T20:03:00.000Z,45,post_event,positive,research_confirmed,Banacos_2014,KBTV
SQCL-2010-01-28-KBTV,2010-01-28T19:18:00.000Z,2010-01-28T20:08:00.000Z,50,post_event,positive,research_confirmed,Banacos_2014,KBTV
SQCL-2010-01-28-KBTV,2010-01-28T19:18:00.000Z,2010-01-28T20:13:00.000Z,55,post_event,positive,research_confirmed,Banacos_2014,KBTV
SQCL-2010-01-28-KBTV,2010-01-28T19:18:00.000Z,2010-01-28T20:18:00.000Z,60,post_event,positive,research_confirmed,Banacos_2014,KBTV
SQCL-2010-01-28-KBTV,2010-01-28T19:18:00.000Z,2010-01-28T20:23:00.000Z,65,post_event,positive,research_confirmed,Banacos_2014,KBTV
SQCL-2010-01-28-KBTV,2010-01-28T19:18:00.000Z,2010-01-28T20:28:00.000Z,70,post_event,positive,research_confirmed,Banacos_2014,KBTV
SQCL-2010-01-28-KBTV,2010-01-28T19:18:00.000Z,2010-01-28T20:33:00.000Z,75,post_event,positive,research_confirmed,Banacos_2014,KBTV
SQCL-2010-01-28-KBTV,2010-01-28T19:18:00.000Z,2010-01-28T20:38:00.000Z,80,post_event,positive,research_confirmed,Banacos_2014,KBTV
SQCL-2010-01-28-KBTV,2010-01-28T19:18:00.000Z,2010-01-28T20:43:00.000Z,85,post_event,positive,research_confirmed,Banacos_2014,KBTV
SQCL-2010-01-28-KBTV,2010-01-28T19:18:00.000Z,2010-01-28T20:48:00.000Z,90,post_event,positive,research_confirmed,Banacos_2014,KBTV
SQCL-2010-11-27-KBTV,2010-11-27T17:07:00.000Z,2010-11-27T16:07:00.000Z,-60,pre_event,positive,research_confirmed,Banacos_2014,KBTV
SQCL-2010-11-27-KBTV,2010-11-27T17:07:00.000Z,2010-11-27T16:12:00.000Z,-55,pre_event,positive,research_confirmed,Banacos_2014,KBTV
SQCL-2010-11-27-KBTV,2010-11-27T17:07:00.000Z,2010-11-27T16:17:00.000Z,-50,pre_event,positive,research_confirmed,Banacos_2014,KBTV
SQCL-2010-11-27-KBTV,2010-11-27T17:07:00.000Z,2010-11-27T16:22:00.000Z,-45,pre_event,positive,research_confirmed,Banacos_2014,KBTV
SQCL-2010-11-27-KBTV,2010-11-27T17:07:00.000Z,2010-11-27T16:27:00.000Z,-40,pre_event,positive,research_confirmed,Banacos_2014,KBTV
SQCL-2010-11-27-KBTV,2010-11-27T17:07:00.000Z,2010-11-27T16:32:00.000Z,-35,pre_event,positive,research_confirmed,Banacos_2014,KBTV
SQCL-2010-11-27-KBTV,2010-11-27T17:07:00.000Z,2010-11-27T16:37:00.000Z,-30,pre_event,positive,research_confirmed,Banacos_2014,KBTV
SQCL-2010-11-27-KBTV,2010-11-27T17:07:00.000Z,2010-11-27T16:42:00.000Z,-25,pre_event,positive,research_confirmed,Banacos_2014,KBTV
SQCL-2010-11-27-KBTV,2010-11-27T17:07:00.000Z,2010-11-27T16:47:00.000Z,-20,pre_event,positive,research_confirmed,Banacos_2014,KBTV
SQCL-2010-11-27-KBTV,2010-11-27T17:07:00.000Z,2010-11-27T16:52:00.000Z,-15,pre_event,positive,research_confirmed,Banacos_2014,KBTV
SQCL-2010-11-27-KBTV,2010-11-27T17:07:00.000Z,2010-11-27T16:57:00.000Z,-10,pre_event,positive,research_confirmed,Banacos_2014,KBTV
SQCL-2010-11-27-KBTV,2010-11-27T17:07:00.000Z,2010-11-27T17:02:00.000Z,-5,pre_event,positive,research_confirmed,Banacos_2014,KBTV
SQCL-2010-11-27-KBTV,2010-11-27T17:07:00.000Z,2010-11-27T17:07:00.000Z,0,onset,positive,research_confirmed,Banacos_2014,KBTV
SQCL-2010-11-27-KBTV,2010-11-27T17:07:00.000Z,2010-11-27T17:12:00.000Z,5,post_event,positive,research_confirmed,Banacos_2014,KBTV
SQCL-2010-11-27-KBTV,2010-11-27T17:07:00.000Z,2010-11-27T17:17:00.000Z,10,post_event,positive,research_confirmed,Banacos_2014,KBTV
SQCL-2010-11-27-KBTV,2010-11-27T17:07:00.000Z,2010-11-27T17:22:00.000Z,15,post_event,positive,research_confirmed,Banacos_2014,KBTV
SQCL-2010-11-27-KBTV,2010-11-27T17:07:00.000Z,2010-11-27T17:27:00.000Z,20,post_event,positive,research_confirmed,Banacos_2014,KBTV
SQCL-2010-11-27-KBTV,2010-11-27T17:07:00.000Z,2010-11-27T17:32:00.000Z,25,post_event,positive,research_confirmed,Banacos_2014,KBTV
SQCL-2010-11-27-KBTV,2010-11-27T17:07:00.000Z,2010-11-27T17:37:00.000Z,30,post_event,positive,research_confirmed,Banacos_2014,KBTV
SQCL-2010-11-27-KBTV,2010-11-27T17:07:00.000Z,2010-11-27T17:42:00.000Z,35,post_event,positive,research_confirmed,Banacos_2014,KBTV
SQCL-2010-11-27-KBTV,2010-11-27T17:07:00.000Z,2010-11-27T17:47:00.000Z,40,post_event,positive,research_confirmed,Banacos_2014,KBTV
SQCL-2010-11-27-KBTV,2010-11-27T17:07:00.000Z,2010-11-27T17:52:00.000Z,45,post_event,positive,research_confirmed,Banacos_2014,KBTV
SQCL-2010-11-27-KBTV,2010-11-27T17:07:00.000Z,2010-11-27T17:57:00.000Z,50,post_event,positive,research_confirmed,Banacos_2014,KBTV
SQCL-2010-11-27-KBTV,2010-11-27T17:07:00.000Z,2010-11-27T18:02:00.000Z,55,post_event,positive,research_confirmed,Banacos_2014,KBTV
SQCL-2010-11-27-KBTV,2010-11-27T17:07:00.000Z,2010-11-27T18:07:00.000Z,60,post_event,positive,research_confirmed,Banacos_2014,KBTV
SQCL-2010-11-27-KBTV,2010-11-27T17:07:00.000Z,2010-11-27T18:12:00.000Z,65,post_event,positive,research_confirmed,Banacos_2014,KBTV
SQCL-2010-11-27-KBTV,2010-11-27T17:07:00.000Z,2010-11-27T18:17:00.000Z,70,post_event,positive,research_confirmed,Banacos_2014,KBTV
SQCL-2010-11-27-KBTV,2010-11-27T17:07:00.000Z,2010-11-27T18:22:00.000Z,75,post_event,positive,research_confirmed,Banacos_2014,KBTV
SQCL-2010-11-27-KBTV,2010-11-27T17:07:00.000Z,2010-11-27T18:27:00.000Z,80,post_event,positive,research_confirmed,Banacos_2014,KBTV
SQCL-2010-11-27-KBTV,2010-11-27T17:07:00.000Z,2010-11-27T18:32:00.000Z,85,post_event,positive,research_confirmed,Banacos_2014,KBTV
SQCL-2010-11-27-KBTV,2010-11-27T17:07:00.000Z,2010-11-27T18:37:00.000Z,90,post_event,positive,research_confirmed,Banacos_2014,KBTV
SQCL-2011-02-19-KMPV,2011-02-19T05:49:00.000Z,2011-02-19T04:49:00.000Z,-60,pre_event,positive,research_confirmed,Banacos_2014,KMPV
SQCL-2011-02-19-KMPV,2011-02-19T05:49:00.000Z,2011-02-19T04:54:00.000Z,-55,pre_event,positive,research_confirmed,Banacos_2014,KMPV
SQCL-2011-02-19-KMPV,2011-02-19T05:49:00.000Z,2011-02-19T04:59:00.000Z,-50,pre_event,positive,research_confirmed,Banacos_2014,KMPV
SQCL-2011-02-19-KMPV,2011-02-19T05:49:00.000Z,2011-02-19T05:04:00.000Z,-45,pre_event,positive,research_confirmed,Banacos_2014,KMPV
SQCL-2011-02-19-KMPV,2011-02-19T05:49:00.000Z,2011-02-19T05:09:00.000Z,-40,pre_event,positive,research_confirmed,Banacos_2014,KMPV
SQCL-2011-02-19-KMPV,2011-02-19T05:49:00.000Z,2011-02-19T05:14:00.000Z,-35,pre_event,positive,research_confirmed,Banacos_2014,KMPV
SQCL-2011-02-19-KMPV,2011-02-19T05:49:00.000Z,2011-02-19T05:19:00.000Z,-30,pre_event,positive,research_confirmed,Banacos_2014,KMPV
SQCL-2011-02-19-KMPV,2011-02-19T05:49:00.000Z,2011-02-19T05:24:00.000Z,-25,pre_event,positive,research_confirmed,Banacos_2014,KMPV
SQCL-2011-02-19-KMPV,2011-02-19T05:49:00.000Z,2011-02-19T05:29:00.000Z,-20,pre_event,positive,research_confirmed,Banacos_2014,KMPV
SQCL-2011-02-19-KMPV,2011-02-19T05:49:00.000Z,2011-02-19T05:34:00.000Z,-15,pre_event,positive,research_confirmed,Banacos_2014,KMPV
SQCL-2011-02-19-KMPV,2011-02-19T05:49:00.000Z,2011-02-19T05:39:00.000Z,-10,pre_event,positive,research_confirmed,Banacos_2014,KMPV
SQCL-2011-02-19-KMPV,2011-02-19T05:49:00.000Z,2011-02-19T05:44:00.000Z,-5,pre_event,positive,research_confirmed,Banacos_2014,KMPV
SQCL-2011-02-19-KMPV,2011-02-19T05:49:00.000Z,2011-02-19T05:49:00.000Z,0,onset,positive,research_confirmed,Banacos_2014,KMPV
SQCL-2011-02-19-KMPV,2011-02-19T05:49:00.000Z,2011-02-19T05:54:00.000Z,5,post_event,positive,research_confirmed,Banacos_2014,KMPV
SQCL-2011-02-19-KMPV,2011-02-19T05:49:00.000Z,2011-02-19T05:59:00.000Z,10,post_event,positive,research_confirmed,Banacos_2014,KMPV
SQCL-2011-02-19-KMPV,2011-02-19T05:49:00.000Z,2011-02-19T06:04:00.000Z,15,post_event,positive,research_confirmed,Banacos_2014,KMPV
SQCL-2011-02-19-KMPV,2011-02-19T05:49:00.000Z,2011-02-19T06:09:00.000Z,20,post_event,positive,research_confirmed,Banacos_2014,KMPV
SQCL-2011-02-19-KMPV,2011-02-19T05:49:00.000Z,2011-02-19T06:14:00.000Z,25,post_event,positive,research_confirmed,Banacos_2014,KMPV
SQCL-2011-02-19-KMPV,2011-02-19T05:49:00.000Z,2011-02-19T06:19:00.000Z,30,post_event,positive,research_confirmed,Banacos_2014,KMPV
SQCL-2011-02-19-KMPV,2011-02-19T05:49:00.000Z,2011-02-19T06:24:00.000Z,35,post_event,positive,research_confirmed,Banacos_2014,KMPV
SQCL-2011-02-19-KMPV,2011-02-19T05:49:00.000Z,2011-02-19T06:29:00.000Z,40,post_event,positive,research_confirmed,Banacos_2014,KMPV
SQCL-2011-02-19-KMPV,2011-02-19T05:49:00.000Z,2011-02-19T06:34:00.000Z,45,post_event,positive,research_confirmed,Banacos_2014,KMPV
SQCL-2011-02-19-KMPV,2011-02-19T05:49:00.000Z,2011-02-19T06:39:00.000Z,50,post_event,positive,research_confirmed,Banacos_2014,KMPV
SQCL-2011-02-19-KMPV,2011-02-19T05:49:00.000Z,2011-02-19T06:44:00.000Z,55,post_event,positive,research_confirmed,Banacos_2014,KMPV
SQCL-2011-02-19-KMPV,2011-02-19T05:49:00.000Z,2011-02-19T06:49:00.000Z,60,post_event,positive,research_confirmed,Banacos_2014,KMPV
SQCL-2011-02-19-KMPV,2011-02-19T05:49:00.000Z,2011-02-19T06:54:00.000Z,65,post_event,positive,research_confirmed,Banacos_2014,KMPV
SQCL-2011-02-19-KMPV,2011-02-19T05:49:00.000Z,2011-02-19T06:59:00.000Z,70,post_event,positive,research_confirmed,Banacos_2014,KMPV
SQCL-2011-02-19-KMPV,2011-02-19T05:49:00.000Z,2011-02-19T07:04:00.000Z,75,post_event,positive,research_confirmed,Banacos_2014,KMPV
SQCL-2011-02-19-KMPV,2011-02-19T05:49:00.000Z,2011-02-19T07:09:00.000Z,80,post_event,positive,research_confirmed,Banacos_2014,KMPV
SQCL-2011-02-19-KMPV,2011-02-19T05:49:00.000Z,2011-02-19T07:14:00.000Z,85,post_event,positive,research_confirmed,Banacos_2014,KMPV
SQCL-2011-02-19-KMPV,2011-02-19T05:49:00.000Z,2011-02-19T07:19:00.000Z,90,post_event,positive,research_confirmed,Banacos_2014,KMPV
SQCL-2011-03-02-KMSS,2011-03-02T13:55:00.000Z,2011-03-02T12:55:00.000Z,-60,pre_event,positive,research_confirmed,Banacos_2014,KMSS
SQCL-2011-03-02-KMSS,2011-03-02T13:55:00.000Z,2011-03-02T13:00:00.000Z,-55,pre_event,positive,research_confirmed,Banacos_2014,KMSS
SQCL-2011-03-02-KMSS,2011-03-02T13:55:00.000Z,2011-03-02T13:05:00.000Z,-50,pre_event,positive,research_confirmed,Banacos_2014,KMSS
SQCL-2011-03-02-KMSS,2011-03-02T13:55:00.000Z,2011-03-02T13:10:00.000Z,-45,pre_event,positive,research_confirmed,Banacos_2014,KMSS
SQCL-2011-03-02-KMSS,2011-03-02T13:55:00.000Z,2011-03-02T13:15:00.000Z,-40,pre_event,positive,research_confirmed,Banacos_2014,KMSS
SQCL-2011-03-02-KMSS,2011-03-02T13:55:00.000Z,2011-03-02T13:20:00.000Z,-35,pre_event,positive,research_confirmed,Banacos_2014,KMSS
SQCL-2011-03-02-KMSS,2011-03-02T13:55:00.000Z,2011-03-02T13:25:00.000Z,-30,pre_event,positive,research_confirmed,Banacos_2014,KMSS
SQCL-2011-03-02-KMSS,2011-03-02T13:55:00.000Z,2011-03-02T13:30:00.000Z,-25,pre_event,positive,research_confirmed,Banacos_2014,KMSS
SQCL-2011-03-02-KMSS,2011-03-02T13:55:00.000Z,2011-03-02T13:35:00.000Z,-20,pre_event,positive,research_confirmed,Banacos_2014,KMSS
SQCL-2011-03-02-KMSS,2011-03-02T13:55:00.000Z,2011-03-02T13:40:00.000Z,-15,pre_event,positive,research_confirmed,Banacos_2014,KMSS
SQCL-2011-03-02-KMSS,2011-03-02T13:55:00.000Z,2011-03-02T13:45:00.000Z,-10,pre_event,positive,research_confirmed,Banacos_2014,KMSS
SQCL-2011-03-02-KMSS,2011-03-02T13:55:00.000Z,2011-03-02T13:50:00.000Z,-5,pre_event,positive,research_confirmed,Banacos_2014,KMSS
SQCL-2011-03-02-KMSS,2011-03-02T13:55:00.000Z,2011-03-02T13:55:00.000Z,0,onset,positive,research_confirmed,Banacos_2014,KMSS
SQCL-2011-03-02-KMSS,2011-03-02T13:55:00.000Z,2011-03-02T14:00:00.000Z,5,post_event,positive,research_confirmed,Banacos_2014,KMSS
SQCL-2011-03-02-KMSS,2011-03-02T13:55:00.000Z,2011-03-02T14:05:00.000Z,10,post_event,positive,research_confirmed,Banacos_2014,KMSS
SQCL-2011-03-02-KMSS,2011-03-02T13:55:00.000Z,2011-03-02T14:10:00.000Z,15,post_event,positive,research_confirmed,Banacos_2014,KMSS
SQCL-2011-03-02-KMSS,2011-03-02T13:55:00.000Z,2011-03-02T14:15:00.000Z,20,post_event,positive,research_confirmed,Banacos_2014,KMSS
SQCL-2011-03-02-KMSS,2011-03-02T13:55:00.000Z,2011-03-02T14:20:00.000Z,25,post_event,positive,research_confirmed,Banacos_2014,KMSS
SQCL-2011-03-02-KMSS,2011-03-02T13:55:00.000Z,2011-03-02T14:25:00.000Z,30,post_event,positive,research_confirmed,Banacos_2014,KMSS
SQCL-2011-03-02-KMSS,2011-03-02T13:55:00.000Z,2011-03-02T14:30:00.000Z,35,post_event,positive,research_confirmed,Banacos_2014,KMSS
SQCL-2011-03-02-KMSS,2011-03-02T13:55:00.000Z,2011-03-02T14:35:00.000Z,40,post_event,positive,research_confirmed,Banacos_2014,KMSS
SQCL-2011-03-02-KMSS,2011-03-02T13:55:00.000Z,2011-03-02T14:40:00.000Z,45,post_event,positive,research_confirmed,Banacos_2014,KMSS
SQCL-2011-03-02-KMSS,2011-03-02T13:55:00.000Z,2011-03-02T14:45:00.000Z,50,post_event,positive,research_confirmed,Banacos_2014,KMSS
SQCL-2011-03-02-KMSS,2011-03-02T13:55:00.000Z,2011-03-02T14:50:00.000Z,55,post_event,positive,research_confirmed,Banacos_2014,KMSS
SQCL-2011-03-02-KMSS,2011-03-02T13:55:00.000Z,2011-03-02T14:55:00.000Z,60,post_event,positive,research_confirmed,Banacos_2014,KMSS
SQCL-2011-03-02-KMSS,2011-03-02T13:55:00.000Z,2011-03-02T15:00:00.000Z,65,post_event,positive,research_confirmed,Banacos_2014,KMSS
SQCL-2011-03-02-KMSS,2011-03-02T13:55:00.000Z,2011-03-02T15:05:00.000Z,70,post_event,positive,research_confirmed,Banacos_2014,KMSS
SQCL-2011-03-02-KMSS,2011-03-02T13:55:00.000Z,2011-03-02T15:10:00.000Z,75,post_event,positive,research_confirmed,Banacos_2014,KMSS
SQCL-2011-03-02-KMSS,2011-03-02T13:55:00.000Z,2011-03-02T15:15:00.000Z,80,post_event,positive,research_confirmed,Banacos_2014,KMSS
SQCL-2011-03-02-KMSS,2011-03-02T13:55:00.000Z,2011-03-02T15:20:00.000Z,85,post_event,positive,research_confirmed,Banacos_2014,KMSS
SQCL-2011-03-02-KMSS,2011-03-02T13:55:00.000Z,2011-03-02T15:25:00.000Z,90,post_event,positive,research_confirmed,Banacos_2014,KMSS
